0,1,2,3,4,5,6,7,8,9,10,11,12,13,14,15,16,17,18,19,20,21,0
0.5941825661055081,0.6084368864707707,0.5063889111285503,1.823591571655651e-05,1.5675572249188974e-07,8.935076182037715e-06,1.0607137221951208e-05,2.685748045361044e-05,7.691480783602056e-05,0.0006949503697140445,3.908442680797784e-05,4.7287976285053414e-05,5.9985189806896473e-05,0.00011730553233143086,2.497641178370776e-05,0.1387131388330732,0.0019868944581569515,0.004006153747817729,-0.031055926446208974,0.0010040204025605535,0.00967988532188568,0.0009388465983391756,1.0
0.5490872132157594,0.6456568373813247,0.5220492679018546,2.183759551678196e-05,1.936815566898622e-07,1.0604065228769952e-05,1.370297013580775e-05,3.186061607548233e-05,0.00023624307877245942,0.0020869187733332643,0.00011548262817633032,0.00014395381700974008,0.0002115971006836744,0.00034639946413981843,0.00011030164653487651,0.09206168593360871,0.0031371570144840435,0.0034288608070146445,-0.02120288168735361,0.001452936091781422,0.011841215856204287,0.001256271839118536,2.0
0.555912449517634,0.6988848747128394,0.4481611245901241,2.1931986729137485e-05,1.2373476292884336e-07,1.2095073076294434e-05,1.2961216416796339e-05,3.6254285538151096e-05,0.0001334170081280253,0.0013672691303637187,7.105468761188829e-05,8.562445594675959e-05,0.00010687590147978841,0.00021319499652639706,0.00022343404815875888,0.03670591742284138,0.0018280295471890722,0.0023061870716822217,-0.013547134546324223,0.0011616559814357867,0.011356237340000947,0.0010272645620496967,2.0
0.5754058209990415,0.5899574286680801,0.5623352737960583,7.44302033875141e-06,2.5145338982268282e-08,4.400434321896949e-06,3.897527542251584e-06,1.3226448304673117e-05,4.133893728684905e-05,0.00036460741524289,2.217818898236062e-05,2.7031239405938402e-05,2.96463546600943e-05,6.655971228606414e-05,8.826013982776166e-06,0.06528735813356135,0.0006451539622680571,0.0017181709545227987,-0.01821935710367027,4.699412402396118e-05,0.006281868933363818,0.0002351944136367481,1.0
0.5534807580164847,0.6365985947701345,0.5261593839884184,4.403260354145347e-05,4.0304442600872735e-07,2.0051460193934183e-05,2.7155118202338003e-05,6.0104000028551454e-05,0.00016167119538275073,0.0015466829848084912,9.013080976620166e-05,0.00010035806207617312,0.00012363387767817707,0.0002704428098518561,5.944905283628728e-05,0.1046252949365405,0.002814187171831387,0.00409010994930254,-0.02183262938773923,0.0011170728930704637,0.010149696486296728,0.0017372927699786688,2.0
0.6376768135301024,0.711600227428577,0.2849361912884042,1.9729430991470127e-05,9.531126082835812e-08,1.178682592244029e-05,1.0706631633052228e-05,3.532870734704473e-05,7.262718075120886e-05,0.000657647699715671,3.787034096913428e-05,4.571763477733578e-05,5.883881835137307e-05,0.00011361102290740288,2.2366375874388037e-05,0.0738312796796738,0.0013854571955691241,0.002312451341343708,-0.0167059036346324,0.0008147651361491918,0.008104510307798976,0.0007387258122603275,2.0
0.577401000849062,0.5929379812151543,0.5577741889772696,7.371915206586204e-06,2.4329753157050183e-08,4.2090472961696805e-06,3.868430751970979e-06,1.2627141888509042e-05,3.0217553421056322e-05,0.0002822251366217821,1.6933508197306925e-05,1.8174325608316482e-05,2.1458842284518255e-05,5.082485434507783e-05,1.2967758432707745e-05,0.06004339781628415,0.0009363743438047588,0.001524769960105492,-0.01707475944521081,0.0004289724757638461,0.004506848340762607,0.00022287027081984253,1.0
0.5699163180851944,0.6080934997672922,0.5365946377090223,1.63990481542975e-05,1.4818417006895325e-07,7.903155737010841e-06,9.829549947907235e-06,2.370946721103252e-05,7.424026920454561e-05,0.0006767077099815532,4.010851536533002e-05,4.608527689144447e-05,5.596422156270802e-05,0.00012032554609599004,1.980728406588342e-05,0.12845097808810432,0.00200538131301548,0.003760198012861367,-0.029472739803328624,0.0009777092751702826,0.009754751518328763,0.0009091938544027342,1.0
0.5778185249094501,0.6068031956984365,0.5422693567713573,5.3534320534575075e-06,2.141372821383003e-08,2.7837846677979037e-06,3.3072313574693045e-06,8.32756097204501e-06,3.5546788834957846e-05,0.0003188266200725805,2.0152697552348927e-05,2.091407455550733e-05,2.412613378758184e-05,6.0481885688395494e-05,1.1325482921981219e-05,0.05955871607206593,0.0010261577525224096,0.0015202033933562214,-0.01664517645698627,0.00024288640191693457,0.005628955356475456,0.0002443687077699585,1.0
0.6244528392890826,0.7184981960357043,0.29401677542374316,1.6435905137007955e-05,1.1155591721951098e-07,8.18076726276414e-06,9.184770517739736e-06,2.457948709403225e-05,0.00016179326527403074,0.0014018860263918544,8.284886118835684e-05,9.445067657918594e-05,0.00015788880817134792,0.0002485837688708104,4.759719134699136e-05,0.08354794493626577,0.0023019935371303493,0.002527983514233635,-0.016104792300578145,0.0009756829261241395,0.010846124451992454,0.001062365592334273,2.0
0.5909497670785905,0.63847341891653,0.4795682448471663,3.243781278525901e-05,2.506786150329136e-07,1.784831739034344e-05,1.5040716901974813e-05,5.3494816448023744e-05,0.0001547689769213208,0.0013837459549816827,8.31751644679207e-05,9.044484430387519e-05,0.00012042600666181168,0.00024952549340376214,0.00013190708723031911,0.11245944027606566,0.003150027476503592,0.003268974479336709,-0.01796724935245966,0.0010423918713190637,0.012231095943969015,0.001034079368444572,2.0
0.6267877982452895,0.713579023071254,0.29932767349667977,3.6488669110694755e-05,2.6797064218380486e-07,1.9204562689839345e-05,1.9651180426812358e-05,5.756902629582074e-05,0.00014282835228396798,0.0013979135167255152,8.173104586606048e-05,8.083781039211448e-05,0.00010843878653704637,0.00024519313759818143,9.749665198120767e-05,0.08735842935192038,0.0020550623887302297,0.0032197029952573735,-0.02415944258589741,0.0010131523363232687,0.010540058005774008,0.0010100528092286763,2.0
0.5779832366484101,0.6089345555707073,0.5366251354893601,1.21062504582655e-05,6.56165336491355e-08,6.72569469903639e-06,7.152202167755773e-06,2.0209892363933732e-05,6.0728101892274917e-05,0.0005511788826527385,3.0774154281444554e-05,3.8057589516498604e-05,4.8917125835430515e-05,9.232246284433368e-05,1.1154810720353037e-05,0.081859906553979,0.0011201890583246291,0.0025709410898668737,-0.01970600331708193,0.0006442592164607196,0.008321905462372037,0.0005682982362817978,2.0
0.5396721807312814,0.6595347238804095,0.5147432651130032,5.97289189286608e-05,5.116963459620473e-07,3.0469191509558282e-05,4.223820746668536e-05,9.145409237830772e-05,0.00029887718389146853,0.002716642418562141,0.0001623472952188677,0.00022444862447880707,0.0002077021986109583,0.00048704188565660325,8.219704030135795e-05,0.0914029227437115,0.0019414503651394204,0.003830670488711005,-0.017433899212218756,0.0010909040470963415,0.010848799855688797,0.001908790182912152,2.0
0.5685138168742588,0.6428005056585901,0.4999178268166777,4.105348145909056e-05,4.140841069360718e-07,2.30112453711617e-05,2.4549272054067115e-05,6.909289098590457e-05,0.00023803920661582184,0.002153237356067573,0.0001340449409024484,0.0001449885923000446,0.00017012941307830608,0.00040219397757976466,0.000107839332420637,0.1127196093952407,0.003222787026847237,0.004557681793351536,-0.026273748979351357,0.0009174743247637703,0.015652136707206592,0.0019401496746382714,2.0
0.5740726754961012,0.6109925049995772,0.5362615845634996,1.1922068467524382e-05,7.716549169918694e-08,5.864577369138208e-06,7.176390728024387e-06,1.7593732107414625e-05,6.072924196726013e-05,0.0005478749910642273,3.237092376780893e-05,3.688510503221136e-05,5.0504814317117856e-05,9.715135404927635e-05,1.882837997460161e-05,0.0941881991680276,0.0015533066234333685,0.0029419652372281815,-0.024353379022693796,0.0007039769224970975,0.008687109716588974,0.0006185045656164932,2.0
0.5756434582333577,0.6077816149118318,0.5350717265983701,6.236094157985278e-06,3.7119608083245695e-08,2.5241333496607076e-06,3.415003943658604e-06,7.572400048982119e-06,3.9495263000573434e-05,0.0003600601984074833,1.9376435419454255e-05,2.3459592308611287e-05,3.4446996301252004e-05,5.8166425866445995e-05,8.648868683396248e-06,0.11041598620442264,0.00124042965527863,0.002516449590787476,-0.02591394450703629,0.0006850423671762993,0.007906194412709901,0.0003964448382506807,2.0
0.6114430590721862,0.6657962888633069,0.4122495780375875,3.109721960476726e-05,2.6761806888784224e-07,1.6003560519492958e-05,1.691346195371162e-05,4.795715794470132e-05,0.00021457616763427185,0.0021730587193692784,8.451378615478055e-05,0.00010672608587247144,0.00022019614708091651,0.00025348783485056405,0.00011095445136089936,0.10938620947721661,0.003495835957906727,0.0037175949945099486,-0.027757276524349082,0.0013874872875945287,0.011513576959281676,0.0013110502147587833,2.0
0.6082798255581923,0.7408317029338212,0.26850717143532293,1.6181343691218917e-05,1.0669017818386099e-07,8.890848181988416e-06,8.321833898341159e-06,2.667254454596525e-05,6.99176301031569e-05,0.0006614791047399383,3.161585613515081e-05,4.157360609897785e-05,6.657467118672927e-05,9.48120050127245e-05,3.894191503710926e-05,0.09213763787958239,0.001488761859056142,0.0025638218831865447,-0.021990943963864702,0.00080472133796959,0.009209858927436709,0.0005242150778278555,2.0
0.5581933614281656,0.6330724898346419,0.5277486352581489,1.8310087878099965e-05,1.441739202999997e-07,8.698493191433316e-06,1.114944983653331e-05,2.604742160086661e-05,0.00014542342760926638,0.001283147890669997,7.27597717780665e-05,8.70810478611998e-05,0.00013312058641033302,0.0002183273733076329,8.78019174626998e-05,0.09035379585200978,0.0030027150438854365,0.0033450704350298163,-0.028192522885644843,0.0011200871868106974,0.01175327904953377,0.0008890004215565147,2.0
0.633293655217731,0.7229237323150141,0.26927432004504515,1.1553889323762255e-05,6.245345580412032e-08,5.901851573489369e-06,6.588839587334693e-06,1.7736781448370162e-05,6.235977562041412e-05,0.0005620811022370827,3.488025506660119e-05,3.6753858740724796e-05,4.7027452220502583e-05,0.0001046095384719015,6.276572308314089e-05,0.058353386430579815,0.0016740711281750251,0.0019754996099408217,-0.018419625675422886,0.0006662316078088241,0.007715331305710352,0.0005902850828782235,2.0
0.5841872989892404,0.7565713494258122,0.28168728573712254,4.159974972634921e-05,2.998952091497882e-07,2.287772024085528e-05,2.0478558567656967e-05,6.859031854983017e-05,0.00021326833587823516,0.0020692769431335392,0.00011777313285039541,0.00010564879796619684,0.00016005835734051558,0.00035331939855118635,0.00014399254256463408,0.07955791477016524,0.0023276109605124403,0.0031413251999331078,-0.022312139297485146,0.0009633148223964029,0.01132008448073523,0.0010409833973489245,2.0
0.5078135441368332,0.700573687945924,0.4867222806720045,2.9228586944468318e-05,3.182786237147184e-07,1.554260612473542e-05,1.761141717888109e-05,4.668086481149204e-05,0.00011102619323915095,0.0010131869521585203,5.6918827207648814e-05,6.774030041394925e-05,9.108073281969524e-05,0.00017070343518566067,5.675968789579145e-05,0.11570488900775727,0.003265278751770311,0.004103603428059965,-0.029168527768173344,0.0017386977702724925,0.01232009341070491,0.0012284016528706847,2.0
0.6516676117186113,0.6972448124003123,0.2878523190410541,7.70220265008902e-06,2.9175010038215987e-08,4.492951545885261e-06,4.4054265157706136e-06,1.344967962761757e-05,5.560756913283967e-05,0.00048138766563056375,2.9554285168712793e-05,3.781081300952791e-05,3.9094513451209415e-05,8.866285550613838e-05,8.781678021503011e-06,0.07625764123788893,0.0013069791821909958,0.0020021759088866254,-0.021279671739174975,0.0002519903967020791,0.006773153630432069,0.0002875343114316376,1.0
0.5901173067812933,0.6286476905026668,0.4916082534167433,2.4136680406055114e-05,1.9623317403296846e-07,1.3196680953717122e-05,1.1675873854961618e-05,3.963910115465961e-05,6.927031043363784e-05,0.0006132286688530264,3.4487980336294196e-05,4.022780067675853e-05,5.857560244884108e-05,0.00010351299930239084,7.898385254826977e-05,0.117489707122889,0.002291807239531038,0.003552041212317515,-0.030098715192794376,0.0009989740307083342,0.012459452542192665,0.0008336132407801022,2.0
0.5305857404788915,0.7814304296529777,0.31998708742680965,2.7030346718079432e-05,1.919768943045414e-07,1.5588523817528765e-05,1.5281360786641497e-05,4.676557145258629e-05,0.00017197290191800821,0.001693236207766055,9.932884511316968e-05,9.856093753595153e-05,0.00012363311993212467,0.0002979865353395092,7.55621055982675e-05,0.07028274100489261,0.002065732815323043,0.002846940551778627,-0.02080563798315646,0.0006153512183901188,0.008026315899523939,0.0008826790437091926,2.0
0.6048011208872671,0.7083769206652221,0.3561071410494725,7.30275777141596e-05,5.650102724499774e-07,4.261119138060248e-05,4.27995281380858e-05,0.00012788065833117826,0.0002905094484180301,0.0027497166592565566,0.00015175234234218979,0.0001728931433696931,0.00024361359580468193,0.0004552570270265692,0.0005576180547187568,0.07090878919247218,0.003012484103297293,0.003029053029536889,-0.01978821351944745,0.00146037734278252,0.012422122804908784,0.0016803452586851703,2.0
0.36756127224614094,0.912948104558012,0.16918518486880593,9.52482305172713e-06,6.184950033589044e-08,3.2367905175782676e-06,3.9996010217209165e-06,9.730988052846766e-06,2.63685036432013e-05,0.0002659528514443289,1.2720380569081472e-05,1.5338676083300836e-05,2.3729591628869972e-05,3.816114170724441e-05,1.7647724095840744e-05,0.05158248328013264,0.0009698455215670088,0.0013508734916862846,-0.010129168951059194,0.0008103439068007919,0.005807216580187661,0.0005194780766211664,2.0
0.5610188331007696,0.6242711790119704,0.5384187097456458,1.7367246978070927e-05,1.1351141815732627e-07,9.45928484644386e-06,9.686307682758513e-06,2.8377854539331572e-05,0.00015853761402639908,0.001449162438475199,9.016590315630285e-05,9.53874283915399e-05,0.00011544111226600088,0.00027053554660829435,7.242028478437417e-05,0.0710581477664863,0.0017194860971029332,0.00277915302274096,-0.022520884817821978,0.00033236143236465144,0.008870296799909121,0.0007056210286913876,2.0
0.4959253751537586,0.7560936457216262,0.4136037928773625,1.3391170716877373e-05,1.2794112149882838e-07,5.714703426947667e-06,8.188231775925018e-06,1.7186757321342615e-05,6.66999713413892e-05,0.0005799997507946887,2.844557601323952e-05,4.2220570094613375e-05,7.21161454848396e-05,8.533672803971854e-05,3.143086884821218e-05,0.10320157330500496,0.002552489344462376,0.002790528065714996,-0.02385071563454679,0.0005711163722586202,0.008779567110084504,0.0009141222542929293,1.0
0.6031527465283291,0.7401977365052068,0.28296832823543644,2.7346344645110487e-05,1.842745596031704e-07,1.4004866529840949e-05,1.4373415649047286e-05,4.201459958952285e-05,6.114229887633193e-05,0.0006044205554983988,2.719892499742794e-05,3.4938456500761105e-05,5.517180314518921e-05,8.159677499228384e-05,6.552803339488739e-05,0.08782894059806305,0.001466593308496136,0.002699544902871413,-0.020481921968859205,0.0008140881494148862,0.009921990935484496,0.0007959223633292057,2.0
0.5705646791255904,0.5989950569951092,0.5560281284857885,8.366984933086505e-06,2.8951504958776837e-08,4.805949823156955e-06,4.863852833074509e-06,1.4417849469470866e-05,3.1788752444736965e-05,0.0002808295981001353,1.629969729179136e-05,1.968702337196825e-05,2.3219106976939025e-05,4.8899091875374076e-05,9.814560181025345e-06,0.07751765452712499,0.0012224164987239385,0.002146369037677351,-0.021274434388857986,0.0005140368656935785,0.005048757409794728,0.00024773513278175755,1.0
0.6511834628251519,0.7047206412690993,0.270880580813714,2.5840881340934895e-05,1.349393281510961e-07,1.5180674416998307e-05,1.3122849662694092e-05,4.5575758083032705e-05,0.00010268882872298408,0.0009277078810387855,5.974438753889778e-05,6.122872014855985e-05,7.030338996672105e-05,0.0001791994277846556,3.1946885939772e-05,0.07399398059165352,0.0016784900619722612,0.0024981958782421135,-0.01971834330091609,0.0009401189257454824,0.008800570934371092,0.0006263478794789427,2.0
0.5716399975362746,0.6071396941006665,0.5452969565514189,9.150514294774464e-06,6.1412847615936e-08,5.06655992831472e-06,5.3736241663944e-06,1.5230386208752124e-05,4.590610359291215e-05,0.00041453672140756803,2.376677202736723e-05,2.889474480329788e-05,3.7861020555224544e-05,7.126960965829371e-05,7.093183899640607e-06,0.08236076993773174,0.0010025033244825392,0.002350954431512788,-0.02041172367861865,0.0006174908295663325,0.0072899291689054,0.00040088464538254537,2.0
0.5642632133137164,0.6495464079173765,0.501971179275858,2.5030497948454974e-05,1.9944619879246995e-07,1.2814418272416192e-05,1.555680350581265e-05,3.84931163669467e-05,0.0002632191208563622,0.0023734097656303924,0.00014439904792574822,0.00016688660683959926,0.00020612764645201766,0.0004332470053269428,0.00018398911838605353,0.08350313727943734,0.0031181518442314144,0.003533274176243092,-0.023210022852046888,0.0015163246294045412,0.013324811067436063,0.001368136103701736,2.0
0.5836985992362647,0.6626922991655796,0.4672277568604722,5.852774727605386e-05,3.126482226284929e-07,3.360968393256298e-05,3.607960489132807e-05,0.00010082905179768893,0.00018227391379241128,0.002451162065407384,8.438375528743022e-05,0.00011611754988422224,0.00019568652254317364,0.00025312000104002783,0.00034241233342272536,0.039171695813123866,0.00158770896304537,0.0023846492825253984,-0.01402009362677618,0.001063804336386805,0.00925068250836524,0.000942593746955964,2.0
0.6025333239745649,0.7450357732682221,0.28220569812660623,2.6834712426945597e-05,1.4466152251722695e-07,1.3996002303541705e-05,1.6382917425075948e-05,4.198800691062511e-05,0.00024013812737859678,0.002292885131898047,0.00013200363929696959,0.00015486015985469138,0.0001849497565382746,0.00039597475251027946,0.0003155429459907012,0.04247262301105782,0.002363082135699532,0.0026515191289085663,-0.016306912261145393,0.001407672343310632,0.011998176046045922,0.001092020901178043,2.0
0.5493591790765576,0.6652442683976973,0.5016500538606317,2.6975342829883716e-05,1.756207215487221e-07,1.3066181683224925e-05,1.4014533579588025e-05,3.919854504967476e-05,0.00014032095651742897,0.0012223202219791057,6.0448652357070166e-05,8.338471859133326e-05,0.0001513850619749984,0.00018138108121552017,0.00011819274560228995,0.0602484447345046,0.0022815028432971725,0.002409797292802945,-0.01599717210378245,0.0011948390914711619,0.010033830007018343,0.0011313873247756087,2.0
0.32331210065838645,0.9026737525488348,0.2828262877457866,2.5959808311184547e-05,1.2764503164688159e-07,1.4663223010435522e-05,1.5365270684493367e-05,4.397371340235072e-05,0.00011440185961351763,0.0013291038920231544,5.6084035779848594e-05,6.805075749674374e-05,0.00010307336305485688,0.00016826806296850162,0.0001258739568327811,0.02391589224193885,0.0006823057743507631,0.00123769090260924,-0.0078062834888401236,0.0004184858318171968,0.004643427881052076,0.00043107801418916167,2.0
0.5650931163505608,0.6139283703101038,0.5436673576715951,1.4874825450333828e-05,1.1268807159343807e-07,7.73791424941608e-06,8.752106893757023e-06,2.32513054387794e-05,9.582242354495351e-05,0.0008902357655881605,4.96203141916439e-05,5.9123674896023856e-05,8.068465926090166e-05,0.00014889850526546283,2.2950803914530223e-05,0.0868937720057001,0.0013236941892413735,0.00285221021741098,-0.023519675837548215,0.0006882161033735514,0.008505042053057462,0.0005412971518990797,2.0
0.5372076712860929,0.6648307203093565,0.5079149501032612,3.7572494219004e-05,3.4560769978058867e-07,1.723101246048935e-05,2.399504887048087e-05,5.164366485292796e-05,0.00013424390510048868,0.0012589994777721443,7.321945982494471e-05,7.944039842099533e-05,0.00010205301649235382,0.00021970775200337423,5.114993956752713e-05,0.10382055301408884,0.0026464119650241947,0.004043768079524217,-0.022956117564170445,0.0010148918221642607,0.009809822758376456,0.0015636279788644634,2.0
0.5801655401947183,0.6292435631446694,0.5087071768956627,2.743689141075624e-05,2.2675116868393587e-07,1.4557425029508685e-05,1.4421374328298321e-05,4.3626924854789255e-05,0.0001467080061385065,0.001537372923677085,6.167631788203055e-05,7.482788566569884e-05,0.0001408124757527242,0.0001849836034123549,0.00012076767244106423,0.08911774431616046,0.002970190883474008,0.0030650635724513656,-0.024935626479143987,0.0010620843340220607,0.009537217645173573,0.00098245839362701,2.0
0.3720980337075696,0.9013134737611456,0.21358449844490035,1.4038708515057969e-05,1.0322579790483805e-07,5.4451608394802074e-06,7.535483247053174e-06,1.630967606896441e-05,5.282580207780084e-05,0.0004954838299432224,2.500644954244701e-05,3.09677393714514e-05,5.352257621365852e-05,7.504515507681724e-05,4.797418957627347e-05,0.0576335436152187,0.001464206330381175,0.001663721152571646,-0.014038811740855875,0.0006187457552213895,0.00584387306453259,0.0005630038243527771,2.0
0.5804602299429837,0.6166953486154994,0.5181112004634973,2.0582392754262703e-05,1.8377136387734561e-07,6.018512166983068e-06,7.76434012381785e-06,1.8055536500949202e-05,9.340179569066087e-05,0.0008499425579327234,5.25126672279515e-05,4.4059184489593605e-05,7.415174532450894e-05,0.00015753800168385448,2.177690661946545e-05,0.114994930946249,0.0023316175563302096,0.0034933144502285593,-0.03073186006128775,0.001341319619236164,0.011172628158264461,0.0004869619542862873,1.0
0.5479006290930516,0.6867994705049841,0.4689022966935855,1.1338091403890825e-05,7.221714269994156e-08,4.874657132246055e-06,5.849588558695265e-06,1.4660079968088134e-05,5.304349131310707e-05,0.00047663314181961434,2.628703994277872e-05,3.1992194216074105e-05,4.4413542760464065e-05,7.886111982833618e-05,2.058188566948334e-05,0.08720581066731442,0.0014321020483111905,0.002693544155851015,-0.023422987502156014,0.0007146572333014865,0.008845744207601845,0.0004791715743855171,2.0
0.5524291914690646,0.6382446973152274,0.5279269089687528,2.470734344795686e-05,2.000594611170596e-07,1.2203627128140637e-05,1.5754682562968442e-05,3.656086651914264e-05,0.00020646136387280552,0.0018955633940841402,0.00011148313470748147,0.0001296385308038546,0.00016584929326604242,0.00033449941898772357,0.00012648759429126092,0.08856132194999437,0.0032681063374834225,0.0035344855099607875,-0.02667602357359276,0.0016106987273995584,0.01316287723379124,0.0011419344025696482,2.0
0.5895912237104189,0.6103447851316449,0.5153749363999705,6.749756424847382e-06,3.8791703591076924e-08,2.909377769330769e-06,3.724003544743383e-06,8.728133307992305e-06,3.972270447726276e-05,0.0003607628433970154,1.7650225133939996e-05,2.2344021268460305e-05,3.852016166593938e-05,5.291188369822892e-05,9.232425454676308e-06,0.116095810507375,0.001207853395545003,0.002622575188000501,-0.02614231480475096,0.0006233283683235785,0.00890996166023476,0.0004466088834440685,2.0
0.5845839263417741,0.6640539096626239,0.4626466376694696,1.0529083971435035e-05,6.560176929243012e-08,5.346544197333055e-06,6.363371621365721e-06,1.600683170735295e-05,0.0001232985253851224,0.001072588927931233,6.799623387160385e-05,7.921413642060938e-05,9.131766285506274e-05,0.00020398870161481144,0.00010335558752022368,0.052232128710632875,0.001963834885007401,0.002336075724414973,-0.020884047726814105,0.001101299542262065,0.008706243689079391,0.0004743467132227745,2.0
0.5795377162457949,0.6152206834273481,0.5274355578777107,1.2456440518619237e-05,7.284468139543412e-08,6.483176644193639e-06,6.70171068837994e-06,1.9485952273278628e-05,0.0001231439338989814,0.0011181658594199139,6.577874730007702e-05,7.371881757217935e-05,0.00010231035501988724,0.00019729981955953334,3.103183427445494e-05,0.08254395072323616,0.0013342559645453998,0.0025256307287677246,-0.023373818608715742,0.0007088770902974577,0.009008115348488104,0.0005525596884909958,2.0
0.5786268882102552,0.611693115191646,0.5264534266199732,2.058309695662024e-05,1.9743977896038603e-07,9.18094972165795e-06,1.3327185079826054e-05,2.7542849164973853e-05,9.422813450884423e-05,0.0008440550550556502,4.2646992255443377e-05,6.0367212417138024e-05,9.62025322984481e-05,0.00012794097676633014,4.7138747226792155e-05,0.11391781646566873,0.0029789467049819336,0.0033049691399902716,-0.027735698469073405,0.0009456180773528729,0.010006386205557638,0.0010648124719112575,1.0
0.5700149643695634,0.6438294412132786,0.508495625765634,5.2645485417759836e-05,3.021743423213256e-07,2.897516193592266e-05,3.176188087066377e-05,8.692548580776795e-05,0.0002734006299469504,0.002756501500508981,0.0001277190220211469,0.00018217755349283476,0.0002957279563518039,0.00038312349113651614,0.0002528191997421757,0.04149525218610292,0.0018856014710119965,0.0026642006689005853,-0.011071896212156457,0.0013925469541389817,0.011461301572120563,0.0015361637040589226,2.0
0.5697372387402388,0.7827657651576013,0.24228378740552364,4.4355802613042954e-05,2.609164859590763e-07,2.0351485904807945e-05,1.8394612260114878e-05,6.108707227516873e-05,7.52744061991935e-05,0.0008349327550690439,4.135526302451359e-05,4.4518875416767386e-05,5.436847276172249e-05,0.00012406578907354075,0.0003494650183814377,0.058324618980077,0.0013292618679110351,0.0021384813032888123,-0.022136144884399807,0.0005167874993709189,0.008739958667644071,0.0004296250857802149,1.0
0.6433377343647364,0.6873647728773156,0.31920023830209787,1.2374712545600611e-05,8.418171799728305e-08,5.092993938835624e-06,6.271537990797588e-06,1.5321072675505518e-05,7.69420902495167e-05,0.000665035572178536,4.478467397455458e-05,4.0912314946679566e-05,5.244521031230734e-05,0.0001343119310646651,2.563333313017269e-05,0.1048988387964144,0.0019984361034824007,0.0027528558238304524,-0.02569688190908884,0.0008571929707650342,0.008946908752297441,0.0007159655115668925,2.0
0.5454554848717152,0.7752194841377767,0.30361193753249605,1.8423910960289474e-05,1.114349453243315e-07,9.286245443694292e-06,1.021486998806372e-05,2.78215913493081e-05,7.128122002579737e-05,0.000735470639140588,3.279901890712823e-05,4.249385915034508e-05,6.78267367207431e-05,9.843420170315949e-05,4.932853579690408e-05,0.09330447972006276,0.001332661654628213,0.002699147529660538,-0.02329618107470522,0.0007284205215997351,0.008596125112802529,0.0006054594884306905,2.0
0.5585435671594492,0.643015710022186,0.5190145353142689,5.7178393899684484e-05,4.4670620234128503e-07,3.319027083395748e-05,2.782979640586205e-05,9.952614188163832e-05,0.0001735900302298234,0.001527735212007195,9.537177419986434e-05,9.711392838899536e-05,0.00013794287528298883,0.0002861599932198272,0.00036411022552838146,0.0685157973151063,0.002812346106328121,0.0031916488097981305,-0.017957776950724643,0.0011851785607417805,0.011935207990705039,0.0015215840676009553,2.0
0.5780767105777577,0.6727390400883205,0.4479319554547145,3.4353074204651925e-05,2.8351918188158404e-07,1.961007674680956e-05,1.6018833776309494e-05,5.887748343740893e-05,0.00010835158067574535,0.0010537462926598871,5.6940102361218114e-05,6.090937090756029e-05,8.368541185204755e-05,0.00017082030708365437,0.0001507849515640224,0.10846026302879996,0.0028903788275690895,0.002947328380569704,-0.025682585090743292,0.001089337400625422,0.012756685696178481,0.0010421503581209304,2.0
0.5733106786046132,0.6120280060098696,0.5414074140080744,5.487679095437421e-06,2.3351825938031576e-08,2.9656818941300094e-06,3.4560702388286727e-06,8.873693856452e-06,3.754973610835477e-05,0.0003292607457262452,2.1156754299856607e-05,2.281473394145685e-05,2.6831248002798285e-05,6.349361472550785e-05,1.1115469146503031e-05,0.057450162172745275,0.0010916721755944447,0.0014750250909235459,-0.016710744115132525,0.0002980673766382227,0.005586041656653598,0.00022729733295042418,1.0
0.6142707106522332,0.7418093720627355,0.2623659164686566,1.6535667004327096e-05,8.795567555493134e-08,9.704442869560759e-06,8.561019087346651e-06,2.9142647167200593e-05,8.065535448387206e-05,0.0007710780890315649,4.702696786336997e-05,4.858085146484041e-05,5.5089571455905336e-05,0.0001410809035901099,5.3066590918141916e-05,0.05613624399500903,0.0012656059429833144,0.0020031729196284503,-0.018163799855245168,0.00037909775720930964,0.0081632014305234,0.0004951757940950045,1.0
0.5711573161595924,0.7573700517366888,0.3090790397646185,1.5050474666294629e-05,9.8369115465978e-08,8.623692455850737e-06,8.492533635229434e-06,2.590386707270754e-05,0.00013401152496981736,0.001327983058790703,7.659675124284154e-05,8.190868347800435e-05,9.000774065136987e-05,0.00022979025372852455,9.063074504932104e-05,0.06399566755164977,0.0014704182590149235,0.002157231423198382,-0.02143983070727424,0.0003998770123102317,0.008713785449735513,0.0004362670270916125,1.0
0.5818963433670735,0.6057470866837761,0.5380621910051333,6.964867408324556e-06,2.6183712061370517e-08,3.9799242333283175e-06,3.7704545368373535e-06,1.1965956412046323e-05,4.301983891683175e-05,0.0003796638248898724,2.270127835720824e-05,2.901155296399852e-05,3.142045447364461e-05,6.813001878368605e-05,8.902462100865974e-06,0.06770060590587959,0.0009553572468696074,0.001818194347170362,-0.01824041431910787,0.0002510546679868328,0.005966448428598817,0.00027027874938229097,1.0
0.5581509319788173,0.6271723731395992,0.5336258138950051,5.022698261752097e-05,4.3051699386446554e-07,2.6022360518029915e-05,3.7359308023127505e-05,7.811491677563023e-05,0.00025032171432141643,0.0023056576782519156,0.00013188170578714792,0.00018454828470323422,0.00017172844533038125,0.00039559728213990326,6.261630499650949e-05,0.09878451600327864,0.00205641225641516,0.0039477834314713,-0.02125404518090802,0.0014885029392420813,0.011204247817022098,0.0015911621081901404,2.0
0.366390735524978,0.8655597100335565,0.3339554554734098,2.765947457923637e-05,2.552200653216735e-07,1.1899635545623025e-05,1.6589304245908774e-05,3.573080914503429e-05,0.00010288558883279965,0.0011165877857823214,5.7584027238202575e-05,6.297555111812293e-05,8.036241806816193e-05,0.00017272017920644253,3.6464566832834104e-05,0.06910083268584312,0.00174817769118305,0.0026076982564209325,-0.014704379643726374,0.0007073136987816695,0.005843553708364018,0.001009379407093136,2.0
0.5735414587536944,0.605986919586801,0.5474140060194047,1.6750835577621214e-05,8.251643141685329e-08,1.0122015587134005e-05,9.32435675010442e-06,3.0393552238540966e-05,4.8437145241692876e-05,0.000426334895653742,2.6185214236281446e-05,2.9100794813010254e-05,3.5949658620609085e-05,7.852813723170537e-05,2.282954602532941e-05,0.06163152262524772,0.0009299519304247949,0.0019596717275279928,-0.017799968740489086,0.0005071404863925524,0.006882794564197434,0.0003751472026981541,2.0
0.5736206983815402,0.6202471394668083,0.5314590277127683,2.3571072945846617e-05,1.1210974052721344e-07,1.4069772436165283e-05,1.3593306038924625e-05,4.2209317308495846e-05,6.664924074342838e-05,0.0005885761377678705,3.579103466331289e-05,4.156468630046438e-05,4.9524477877896524e-05,0.00010737310398993867,3.6884104633453216e-05,0.05971245054830705,0.0013982242756248662,0.002023819049714823,-0.013667119092087744,0.0005943329729439429,0.006661417842207849,0.0007515388565982278,2.0
0.5773460844251744,0.5951158040954327,0.5560104627322572,6.7204457972309495e-06,2.391617721434501e-08,3.7548398226521674e-06,4.137498658081687e-06,1.1240603290742157e-05,4.209247189724722e-05,0.00036830912910091316,2.405967427763108e-05,2.4824991948490122e-05,2.9919137695145605e-05,7.21551066556789e-05,1.6143419619682884e-05,0.055353992162601534,0.0010946482143360141,0.001516924197321097,-0.016247567396598193,0.0003785117703005528,0.005397161320343519,0.00028077352887868895,1.0
0.5283702138902584,0.6713716595954241,0.5028827349029446,3.0206939424063542e-05,3.5889432979085395e-07,1.5193193294479483e-05,1.9739188138496968e-05,4.5639395605070256e-05,0.00012818509145696668,0.001178369716146637,6.454116364072191e-05,8.027269842988768e-05,0.00011317134532738259,0.0001936234909221657,6.974513142268929e-05,0.12631884094205426,0.0036555600670898853,0.004642633123885834,-0.0314018780951022,0.002338806678948058,0.0143995164288635,0.001493837832032798,2.0
0.5922800077424916,0.6618049069350066,0.4529806617713044,6.488237240097889e-05,5.179289524025891e-07,3.88917558804126e-05,3.084031489306326e-05,0.00011667526764123776,0.00022077898707415826,0.001986963799217206,0.00011968867245521648,0.00012383210407443724,0.00018400603145357438,0.000359018932915431,0.0004860527796047207,0.07266543202208327,0.00268856919192184,0.0032530269980302695,-0.024291663594890114,0.0009517933273852162,0.011496195866669005,0.0012259613725620374,2.0
0.18390819393866642,0.9662478125983904,0.1757154511765658,8.750965715830987e-06,8.209161084269217e-08,4.400110341168302e-06,5.4016279934491455e-06,1.3216749345673442e-05,4.019205266858209e-05,0.0003710540810089687,2.254235633740328e-05,2.257519298174035e-05,3.211423816166119e-05,6.764348733437837e-05,1.0228614710999446e-05,0.03969621933909223,0.0008359011110701467,0.0012962790738370491,-0.00884804561298134,0.0005034448636471952,0.003166614931303744,0.00037016913344408445,2.0
0.608067756744966,0.6325044767335649,0.4598975840252184,1.735622814133743e-05,1.5923145083795804e-07,7.749263940780625e-06,9.766195651394763e-06,2.3300868972621192e-05,6.289642308099343e-05,0.000562617792960785,2.9563972705580878e-05,3.826862535138925e-05,5.8119479555854686e-05,8.874499526702193e-05,3.73132366463615e-05,0.1314986398170137,0.002947390078155687,0.003498484821790832,-0.035615930227014404,0.000794533093391243,0.010158913486311445,0.0006463576129564672,1.0
0.5805500686425729,0.6112699270772552,0.5292053071664655,1.5361888641912782e-05,1.1756547430035298e-07,7.994452252423999e-06,9.052541521127179e-06,2.3983356757272006e-05,5.682331257850394e-05,0.0005133692377782079,2.841165628925197e-05,3.432911849570306e-05,4.9495064680448605e-05,8.52349688677559e-05,2.1161785374063536e-05,0.092810104261842,0.0015616574647738786,0.003050232311873514,-0.022381350821718247,0.000943952787403251,0.011149552967373426,0.0007552797953969008,2.0
0.5690297809491555,0.6780518683944164,0.4612157411666648,7.1359094498521545e-06,2.809413169233132e-08,2.8094131692331322e-06,3.7365195150800644e-06,8.456333639391729e-06,7.478657856498596e-05,0.0006405462025851541,4.1438844246188684e-05,4.37706571766522e-05,5.63568281748166e-05,0.0001243446268702584,2.9470744145255562e-05,0.05809866433974116,0.0013976268634300984,0.0017710793466030894,-0.017229184194668765,0.0006198043051567057,0.007238630023558825,0.000448879607940562,2.0
0.5834584282245496,0.6153042829072036,0.5134354480854403,1.3119287098438386e-05,9.717990443287694e-08,5.636434457106861e-06,6.559643549219193e-06,1.695789332353702e-05,4.96589311652001e-05,0.0004373095699479461,2.3128817255024705e-05,2.8570891903265808e-05,4.3876726851443926e-05,6.938645176507412e-05,2.3663306729405537e-05,0.12812684499952656,0.0023874430071785953,0.0034928352661312404,-0.028629496244634057,0.0009522464475568742,0.01024700383005372,0.0008919754708276039,2.0
0.6453612305361239,0.6850013642296623,0.32494388702806876,1.62056197248841e-05,1.2726926485511068e-07,8.10280986244205e-06,9.587617952418341e-06,2.4350852675611178e-05,0.0002513567980888437,0.0027023507237568505,0.00014173553796030834,0.00016095319695343002,0.0001865767422775923,0.0004252490369692099,5.137435991317968e-05,0.08895697382489388,0.0018982465391669476,0.0029602406774415896,-0.026101021425119206,0.0007361254279219604,0.008824515682655923,0.0006822014404028498,2.0
0.5884571359215112,0.6112423958327222,0.518202907394051,9.995914057290427e-06,7.74877058704684e-08,4.4555430875519335e-06,4.726750058098573e-06,1.3405373115591032e-05,5.617858675608959e-05,0.0005307907852127085,2.4524858908003244e-05,3.053015611296455e-05,4.908846166894173e-05,7.353583287107451e-05,2.5532199084319335e-05,0.10396138058111393,0.0015248146992749574,0.0027130228042486007,-0.02557103204811632,0.0009653883323578176,0.009682662257538468,0.0004079960177197772,2.0
0.6025092674864425,0.649769062422281,0.44939299545443456,3.500725550802841e-05,3.0353111712163355e-07,1.9881288171467e-05,1.517655585608168e-05,5.9643864514401e-05,0.0001356784093533702,0.0011938890606784257,7.507336296808403e-05,7.107686992598255e-05,0.00010208763239190944,0.00022516950038473183,0.00023326366350797544,0.11040438500104222,0.0032967526400971034,0.003335468034085967,-0.021444615072498074,0.0008887947583036158,0.012399903785172495,0.0012518382097888973,2.0
0.1936381613534194,0.9674900996627857,0.1568618568953118,4.44391441451608e-06,3.328774842334142e-08,1.914045534342132e-06,2.4632933833272648e-06,5.7421366030263965e-06,2.1637036475171922e-05,0.0001947333282765473,1.0502284627564221e-05,1.3132016753008193e-05,1.9040592098151295e-05,3.149021000848099e-05,1.1317834463936083e-05,0.041647966439863626,0.0008796037862754797,0.0011049601787140799,-0.010583869570174986,0.00019412749125524248,0.0035818998745074937,0.00023113015240262887,1.0
0.5667392907002838,0.615122417578823,0.5350880546492817,1.9628320486304984e-05,1.3662404050792326e-07,6.421329903872395e-06,7.6054049216077305e-06,1.9218448364781214e-05,9.946230148976816e-05,0.0008971645326686961,5.651681142344426e-05,4.663433916003782e-05,7.673716941861693e-05,0.00016959597561716876,2.1814305134431758e-05,0.11446817527222175,0.0025190467340769885,0.0035337033874478147,-0.030287140643358967,0.001159018168706182,0.008380509536486648,0.00047163074196803476,1.0
0.5641541934064749,0.7395708291488206,0.3526057740758166,3.686053133797888e-05,3.2911188694624e-07,1.739591402430126e-05,2.6046855052602426e-05,5.214072608905432e-05,0.00020564791335755055,0.002002880911987118,0.00010258887675952795,0.00014716002944881876,0.00013968448801675415,0.0003077196142947344,0.00010395234029116236,0.09888871883057522,0.0019501430829031757,0.003833142639270933,-0.02262893877629641,0.0012528913408172563,0.01082045599024755,0.0013383287866685003,2.0
0.6440611408804882,0.7059040041807012,0.27914172446864666,1.4609835727515017e-05,8.161919400846382e-08,7.998681012829452e-06,7.998681012829452e-06,2.3955233441484124e-05,0.00015164846246772579,0.0012528546280299192,8.414938902272617e-05,9.471907464682221e-05,0.00011279772611969695,0.00025240735747117436,3.4688157453597114e-05,0.09067484358370285,0.0020501925342986025,0.002906337069850383,-0.025511813495218045,0.0007674489574227834,0.008748969534711954,0.0006562672913444541,2.0
0.6251621947070009,0.7385479051478356,0.2452888571403788,9.852082169083429e-06,5.597773959706492e-08,4.730118995951986e-06,5.2619075221241025e-06,1.4162368118057425e-05,7.097977380907832e-05,0.0006297495704669803,3.8596651452176255e-05,4.1367549562230974e-05,5.3430752445398464e-05,0.00011578995435652881,4.178738260920897e-05,0.0570021322316912,0.0015865462856428326,0.0016073504125640819,-0.015272997259419972,0.0009662821431505752,0.007950395203944017,0.0006517516210156069,2.0
0.5774488684171347,0.5987941618440512,0.5486877359336501,1.353335614180789e-05,7.335152380383679e-08,7.3718281422855984e-06,7.225125094677924e-06,2.207880866495488e-05,0.000120003092943077,0.0010379240618242909,6.649315632817807e-05,7.001402947076223e-05,9.429338384983221e-05,0.00019947946898453414,3.733592561615293e-05,0.07956073029383158,0.0016404518162299571,0.002588054479218393,-0.02291162719591888,0.0006621001944629525,0.008598074906323859,0.0006048419949816776,2.0
0.5631974375811432,0.619222326424704,0.5429553162614605,5.032910698041176e-06,2.2095705503595402e-08,2.798789363788751e-06,2.774238579895868e-06,8.396368091366255e-06,3.5770492131931674e-05,0.00031670511221820085,1.8879552813627635e-05,2.3495100185489775e-05,2.4943596435169918e-05,5.666320922477577e-05,7.365235167865134e-06,0.0648508956530525,0.0006796884520744875,0.001653829185846666,-0.01840391574680045,0.00013955647596070858,0.004917600576253079,0.00018064712296222813,1.0
0.5625770909696727,0.6346040405792933,0.5217568072103999,2.3658121235727826e-05,2.0049255284515106e-07,1.192930689428649e-05,1.4535710081273453e-05,3.583804382107075e-05,0.00028284486892629683,0.0025913662455235775,0.00015387803430865345,0.00017693467788584577,0.00022309808817844184,0.0004616842260641716,0.00013177373035747555,0.08704384181772234,0.0032126174820833846,0.0035156569633950085,-0.028242263161000494,0.0015338382016589014,0.012126055248707256,0.0010485309405557498,2.0
0.5787434749225777,0.6179919389902945,0.5250433251590408,8.11256507728804e-06,3.144405068716295e-08,4.213502792079837e-06,4.622275451012954e-06,1.267195242692667e-05,4.60026461553194e-05,0.000415061469070551,2.333148560987491e-05,2.833108966913382e-05,3.880195854795908e-05,6.999445682962473e-05,8.081121026600877e-06,0.08317894728275214,0.0009635809224726274,0.002387241761384617,-0.0221495194665698,0.00019939301421743766,0.0074256131907357295,0.00036390199860253684,2.0
0.6402854731590322,0.7039897486774682,0.2911658087578413,3.2946014622674226e-05,2.161811983115107e-07,2.0191323922295098e-05,1.5305628840454955e-05,6.053073552722299e-05,0.00023468630888697598,0.002148841111216416,0.00014514405654634824,0.00010783118171778152,0.00015716373117246823,0.00043538893339938246,0.00010510729861905649,0.09390046529858781,0.0021073645865083697,0.0031446279177507956,-0.027070819283546602,0.0005229682604593418,0.00923990868763143,0.0006137730109981086,2.0
0.5742331598303373,0.6073196073873292,0.535528787585828,1.9987296477618196e-05,1.4009787250666957e-07,5.7907120636090105e-06,7.238390079511259e-06,1.7418835481662584e-05,7.85015078945705e-05,0.0007191690788675706,4.343034047706757e-05,3.745283125011634e-05,6.537900716977913e-05,0.00013024432214036715,2.157507236602712e-05,0.1166127991454682,0.002515634758162428,0.0035214674338240617,-0.03027092863279977,0.0012373770994824908,0.009593991037909321,0.0006018231008559842,1.0
0.5731065854400572,0.6032328138608635,0.5429803570192507,2.4577524042507436e-05,1.876146873473851e-07,7.926720540427018e-06,9.521445382879793e-06,2.3780161621281055e-05,7.565562267283302e-05,0.0006707225072669016,4.0102639420503555e-05,3.63972493453927e-05,6.72129617422007e-05,0.00012035482193334753,3.935218067111401e-05,0.10863828470850333,0.0027185227485620584,0.0034411300976148794,-0.030203141061884417,0.0012494762947961148,0.009755597893423696,0.0006278853837783099,1.0
0.5802301315952436,0.6416169649653448,0.4985295688558964,1.3016688958197627e-05,6.412162048373215e-08,7.0533782532105375e-06,7.82283769901532e-06,2.112807394938974e-05,0.00012349824105166812,0.001061212819005767,6.75521271796118e-05,7.992759993297212e-05,9.223895106584865e-05,0.00020265638153883544,8.919317409287141e-05,0.051861566647242556,0.001870985527608675,0.002333215847108731,-0.018139682620664375,0.0010128106137836216,0.009933259769672301,0.0006425723771105524,2.0
0.5779874155708572,0.7439667725632689,0.31793813876572724,1.6196754548126026e-05,1.2459041960096944e-07,6.852473078053319e-06,8.638269092333881e-06,2.0598949374026945e-05,6.819248966159727e-05,0.0006395641539516431,3.0233941823168577e-05,3.8706090356034495e-05,7.462966134098067e-05,9.070182546950576e-05,4.323287560153639e-05,0.10336436511495091,0.0017864854146023535,0.0027652137618057425,-0.023506960368751342,0.0010589728834543863,0.01046319480439712,0.0008301418127872727,2.0
0.5205825970405814,0.72702289299528,0.43725212178170214,4.616745529277594e-05,4.5811146376514167e-07,2.5094327959579426e-05,2.346548719952559e-05,7.533388515248997e-05,0.0001432361843372343,0.0013845146460457615,8.037311125390656e-05,7.904967813636279e-05,0.00010551834048723764,0.00024106843248796782,0.00019759874470403114,0.09389757968972852,0.003417399536885703,0.0034336065024482385,-0.014910912240142966,0.0020194876755884987,0.013032874114183017,0.0018692627463651585,2.0
0.6339024242782579,0.7024913248461624,0.3141136917282397,1.7349514651037606e-05,1.0934568057376642e-07,8.055131802267463e-06,9.403728529343914e-06,2.4165395406802373e-05,0.00015279236432174298,0.0013267275909616995,7.971300113827571e-05,9.002794367240103e-05,0.00013748396904141564,0.00023917545197501845,6.706535075191008e-05,0.07443524962258195,0.0019582499242594685,0.002503629730401224,-0.01913103279664172,0.000766436678845701,0.009285299867570486,0.0009241751127853976,2.0
0.5634966204902798,0.6146452844829065,0.5445702231661459,1.2637657990677624e-05,7.522415470641444e-08,6.544501459458054e-06,7.4471913159350265e-06,1.959589230102096e-05,8.067790592262947e-05,0.0007447191315935028,4.3441949342954325e-05,5.043779573065088e-05,6.266172087044321e-05,0.0001302882359515098,2.2379186025158287e-05,0.08653786757425917,0.0012396075617837974,0.0028479112730301443,-0.023609740359923168,0.00041146484262088095,0.008308586872685915,0.0005881325311566306,2.0
0.5877557599973907,0.6124378264887658,0.5120820103962098,1.9892279330672733e-05,1.4662613757252627e-07,1.0948084938748629e-05,1.001945273412263e-05,3.2795379437055045e-05,7.409507485331661e-05,0.000674480232833621,3.523914839659714e-05,3.9833434040536303e-05,6.402674674000314e-05,0.00010576632056898228,4.960850987870472e-05,0.12715907404081386,0.0022904029071791608,0.0035930050756838882,-0.029875891749234718,0.0010606592664342217,0.012354434874661757,0.0008339752577470957,2.0
0.6512986710516584,0.7016336848237207,0.2784808978935065,3.556048071365198e-05,2.1166952805745234e-07,1.811891160171792e-05,1.9050257525170705e-05,5.439906871076525e-05,0.00016129218037977869,0.0013885521040568867,7.05706206543546e-05,0.00010088169707218178,0.00017166398725459384,0.0002116695280574523,0.00016387454862207962,0.07423673688030967,0.002794566944178514,0.0029806752600277492,-0.017337605506533377,0.001111535959297538,0.01159826245428565,0.0015468428105288108,2.0
0.5188383697919633,0.7936018745778655,0.3034887139317133,1.3466652489905145e-05,1.0948497959272477e-07,5.729713932019264e-06,7.408483619107709e-06,1.7189141796057786e-05,5.485197477595511e-05,0.00045983691428944394,2.817413474852784e-05,3.240755395944653e-05,4.959669575550432e-05,8.45224042455835e-05,3.061929929276536e-05,0.09187614537489487,0.002065339253034439,0.0024022646797337704,-0.01948874605992678,0.0007670700145232283,0.008049138626693857,0.0008561323959225905,2.0
0.5681154916040091,0.6083782239334433,0.5376146850568148,3.6212634994520885e-05,3.5736152955119293e-07,1.971444438024081e-05,1.9774004635166014e-05,5.920289339564764e-05,0.00019071193627048663,0.0015664347045327293,0.00010738713963013349,0.000112330640788925,0.00014622042584136314,0.00032210185863547526,6.325299073056116e-05,0.13028805764887244,0.0038413624655026686,0.004643388946274411,-0.03046633307164362,0.0014859926242307554,0.01201778830560847,0.0015486559684375575,2.0
0.5958185018378959,0.6200531407443625,0.4976186926546367,7.080042975548201e-06,3.8688759429225134e-08,2.94034571662111e-06,3.8688759429225134e-06,8.859725909292557e-06,3.9849422212101894e-05,0.00036367433863471627,1.814502817230659e-05,2.2516857987809037e-05,3.369790946285509e-05,5.439639575749055e-05,9.40136854130171e-06,0.10991089666248573,0.0010200446178552924,0.0026752619436398884,-0.027513805302665117,0.0005601358590163215,0.007991074275959768,0.0003605521557487778,2.0
0.5667387884252453,0.6112407185856513,0.5405228966254478,1.9304389165194563e-05,1.328283658155589e-07,6.065828705577191e-06,7.349836241794263e-06,1.819748611673157e-05,0.0001017022520927796,0.0009297985607089123,5.8577309324661485e-05,4.746400271809306e-05,7.425105649089743e-05,0.00017573192797398445,2.1296814652427952e-05,0.10932660029059267,0.0020356655479185424,0.0033924541733781504,-0.03131392860443032,0.000975996266339564,0.008732566247097649,0.0005282495556240901,1.0
0.5657121636050102,0.6351738962236178,0.523860422845954,0.00014930647913612702,1.170678063190381e-06,9.653591413385295e-05,6.852969277599076e-05,0.0002896527684809123,0.0004132493563062045,0.004011823670394727,0.0002412497331759254,0.0002157199461825044,0.00027898158767413855,0.0007237491995277763,0.0014175110302061373,0.03992462456272735,0.003022596204390921,0.0029575200119013427,-0.01666209877950302,0.0011728438176072831,0.013467583998924655,0.001670291942304488,2.0
0.5211029341833834,0.687069574424822,0.4938880984609,2.3082981952912188e-05,1.8466385562329758e-07,1.2464810254572585e-05,1.3341963568783247e-05,3.7394430763717754e-05,0.00018461768965939167,0.0016158087367038531,0.00011139847090475424,0.0001029962654738942,0.0001248327664013491,0.0003341492467503569,4.178019733477107e-05,0.1078898576479116,0.0022599993638529456,0.003647004966843143,-0.026665303787726885,0.0015750395739786201,0.00926977007436746,0.0008952411388689652,2.0
0.5471395065808843,0.6465311710361435,0.5222388348065305,4.675323871757188e-05,4.2204528431108015e-07,2.354074808046247e-05,3.273195649434822e-05,7.05753503209084e-05,0.00025754141127071694,0.00242441568876476,0.00013711782348062207,0.00018781015151843067,0.0001768838680468216,0.0004113065765213871,6.344747440809905e-05,0.09680780943686598,0.0020397401696834023,0.0038417140943620867,-0.019308576446623964,0.0015669462846299388,0.011280585798396178,0.0017302684308742311,2.0
0.33222467868496713,0.929271181873119,0.15107478357230184,9.994940370881144e-06,6.29933216652173e-08,4.493523612118834e-06,4.346539194899994e-06,1.3480570836356502e-05,3.061475432929561e-05,0.0003107670535484054,1.2724650976373896e-05,1.5685337094639108e-05,2.7549079341588373e-05,3.8173952929121695e-05,3.263054062258256e-05,0.055341732860282246,0.0009465754473345544,0.0013728827517039124,-0.01270624222800593,0.0005738271648223529,0.005545087928895418,0.00035718473250611515,2.0
0.4410358078838491,0.8808135041223794,0.1662038706895204,1.6419799251074053e-05,8.875567162742732e-08,8.209899625537028e-06,8.653677983674165e-06,2.4607509958704225e-05,5.0945755514143266e-05,0.0005347529215552496,2.8068981152173884e-05,2.9311560554957874e-05,3.523600163608865e-05,8.418475453861478e-05,0.00016027055404122686,0.042203321858841694,0.0010012105726849845,0.0014288686819627899,-0.014965486536947473,0.0004603179775449077,0.004745339734694726,0.00027360267114228884,1.0
0.5421335283435231,0.774036938459009,0.3183221905827682,2.1348629296672084e-05,1.5697521541670654e-07,1.153767833312793e-05,1.2832723860315758e-05,3.4652278803237956e-05,0.00010952945655700696,0.0009653975748127454,5.823780491959812e-05,7.08350659567888e-05,8.865175290658498e-05,0.0001746741709549402,7.040338411439288e-05,0.07133738664612227,0.002445709175615756,0.0028971541976326627,-0.021742444792729135,0.0003420686162949305,0.007147462222820033,0.0008401117310082861,2.0
0.5539302150174124,0.6321235121009897,0.5288422201293728,1.5337437667922062e-05,1.38175114125424e-07,7.139047563146907e-06,9.30379101777855e-06,2.146320106081586e-05,7.406186117122726e-05,0.0006448171992519787,3.5879471301235106e-05,4.315669397850743e-05,6.222485972781595e-05,0.00010763841390370528,2.7957431424710793e-05,0.11462086300417673,0.0027452631674439237,0.0035193754268202,-0.02595076951231291,0.0011868413252689172,0.008542837635104151,0.000975313648891443,2.0
0.6312578338479177,0.7134212307806564,0.2894278443821115,4.8421956976204575e-05,3.518398327063004e-07,2.8455046470122046e-05,2.053865023423029e-05,8.536513941036614e-05,0.00023678820741134017,0.0021022430004201446,0.00013862489408628234,0.00010651950935183243,0.00014918008906747137,0.00041583070227975877,0.00021471025790901986,0.08944648146975923,0.002257215252733544,0.00321688918242534,-0.025815148225347584,0.0006676776545309285,0.00931714097786208,0.0008161804519204403,2.0
0.5606917132047625,0.6209812536492648,0.5318232336572438,2.6133570958806352e-05,2.5323227673261965e-07,1.402906813098713e-05,1.4636825595145417e-05,4.2087204392961376e-05,0.00011218189859255051,0.0010433169801383933,6.503004866493674e-05,6.173802906741269e-05,8.685867091928855e-05,0.00019503949953946368,2.3905126923559298e-05,0.12761387353663636,0.00234753411034887,0.004088267974545501,-0.027742061863447676,0.0015957381271850682,0.009430835932911944,0.0011578995207143688,2.0
0.6274788293601176,0.7293113580571181,0.2673148227352378,2.65029959364014e-05,1.4191697957912399e-07,1.483032436601845e-05,1.4901282855808014e-05,4.449097309805536e-05,0.00017012297927047486,0.001543347152922973,9.504889707311824e-05,0.00010721827807202813,0.00012453214958068126,0.0002851466912193548,0.000194071469574452,0.04929131493231922,0.001974398690847625,0.002588516036580368,-0.01876466040749459,0.0012171970983787198,0.01099608591816396,0.0008590199294679476,2.0
0.6049545035152728,0.7365655676000638,0.2872493839617123,1.5737630164289096e-05,1.0263671846275496e-07,7.150358052905263e-06,7.560904926756282e-06,2.1485286398203373e-05,3.999410796098687e-05,0.0004002832020047444,1.8269335886370388e-05,2.1553710877178546e-05,3.7770312394293836e-05,5.484221989859875e-05,3.972041004508617e-05,0.09294096979197337,0.0013687906472108907,0.0022449455731442494,-0.016117409971168933,0.0009634782460014707,0.009085894974571693,0.0008033341741840345,2.0
0.5724403679635145,0.6512775136611931,0.4889446195408716,8.797965354542118e-05,7.279066757756853e-07,5.420478378942937e-05,3.484246621379614e-05,0.00016261435136828811,0.0002383651727606778,0.0021254874932650006,0.00012665576158496926,0.00010486708842341708,0.00014150505777079327,0.00037996728475490774,0.0005215693967491378,0.09256546560280798,0.003059862471268874,0.0031386656479883497,-0.016715056871749876,0.0014714099652576576,0.01438619225327315,0.001268037692757103,2.0
0.5895441674246427,0.6004553979737756,0.5378620155797464,7.683645941329612e-06,2.2665622245810058e-08,4.6464525603910634e-06,4.215805737720671e-06,1.3962023303418997e-05,4.601121315899442e-05,0.0004465127582424582,2.6881427983530725e-05,2.7878715362346376e-05,3.098390561002235e-05,8.062161832834637e-05,2.0625716243687156e-05,0.047785931380841355,0.0009995267422935287,0.0014235325376458978,-0.01703986521129318,0.0003635883126939376,0.004265141997663126,0.00017132263886940452,1.0
0.5622999659581508,0.6615899764021028,0.4952097430820641,7.702972539372998e-05,3.9735304182469416e-07,4.450354068436575e-05,4.822162986143968e-05,0.00013353900441322755,0.00024647241537183173,0.0028893242612681334,0.0001215900307983564,0.00015769239288414288,0.00023608447156412896,0.00036474171003493885,0.0004616390875199037,0.02681849208715382,0.001657995302317719,0.0021413043217971333,-0.008059897747428045,0.0010110477855068561,0.00903702009787111,0.0012906055180826193,2.0
0.5667798214717098,0.6092262981809201,0.5491410351485239,1.562836005374265e-05,1.1189756601725044e-07,8.355018262621367e-06,8.466915828638617e-06,2.5065054787864104e-05,0.00029686424264376536,0.0028794973655105784,0.00016489971312075473,0.00018507857419253226,0.00021223238354605169,0.000494661840173592,6.184205481886708e-05,0.07334512460544043,0.0018688273594861704,0.002664504842002768,-0.023914363627563436,0.0007726750728623178,0.008746197233742205,0.0005002567184744544,2.0
0.6408236043164535,0.7058825956328006,0.29449426949727975,2.6045652620912798e-05,1.2974173161102268e-07,1.5893362122350276e-05,1.4531073940434533e-05,4.768008636705082e-05,7.061193742929905e-05,0.000613029681862082,4.14849186826245e-05,4.1257870652305204e-05,4.667458794706541e-05,0.00012442232061497075,4.336617379098432e-05,0.062499835660319886,0.0012073181705929519,0.0023522694908004846,-0.018607497520330352,0.0005336569340057487,0.009349351357054808,0.0006580468191878166,1.0
0.5322950981179116,0.6711086058715675,0.4997911800007707,3.1276043804804175e-05,3.475115978311575e-07,1.6275126498425876e-05,1.946064947854482e-05,4.888329809491616e-05,0.00015939198620522422,0.0014421731309993038,8.247608588526137e-05,9.504442200682158e-05,0.0001282317795996971,0.0002474282576557842,6.608512218755845e-05,0.12402688926594012,0.0033789131843119822,0.004590164858552482,-0.02872898071594056,0.0021057233596180436,0.015304850949841428,0.001598153711685818,2.0
0.6512967605452699,0.7003878983993357,0.2819118211579219,1.2119046558535026e-05,5.999527999274764e-08,3.8097002795394753e-06,3.83969791953585e-06,1.142910083861843e-05,3.89669343552896e-05,0.00037197073595503536,2.0368397557537826e-05,1.8928510837711882e-05,3.224746299610186e-05,6.113519031260986e-05,2.0428392837530573e-05,0.0737371988750865,0.0013874388460562836,0.0017479924802286991,-0.016550216945171378,0.001167793126238835,0.008776895495507031,0.0006619189248679861,2.0
0.22951928390373116,0.9669915948511743,0.10906386302088104,4.963817760114164e-05,3.6268346304387787e-07,3.0564324567424987e-05,2.683857626524697e-05,9.170945931423148e-05,0.00015527797901864935,0.001533161911958211,9.1511631970753e-05,8.25104878424822e-05,9.929284081423984e-05,0.0002745513815242156,0.0004274719180330797,0.017291758381214706,0.000983139251762605,0.0010574168249939911,-0.0053899493978951775,0.0004461682505529915,0.004436141346925647,0.000733237157235808,2.0
0.5714259629584476,0.5972397445218278,0.5550998310302181,5.616007855784289e-06,2.83636760393146e-08,2.9781859841280325e-06,3.261822744521178e-06,8.906194276344782e-06,3.386622919094163e-05,0.00030349133362066617,1.662111415903835e-05,2.155639378987909e-05,2.714403796962407e-05,4.986334247711507e-05,3.82909626530747e-06,0.09000361680795307,0.0009764252203886129,0.0021066751650412404,-0.022060373767583654,0.00048270154793986746,0.006940773054346934,0.0001634031376624914,1.0
0.563146816472016,0.623853384456729,0.5301476442531465,3.611085202064874e-05,2.8811850016475053e-07,1.4357905258210071e-05,2.2521262762878005e-05,4.312173552465767e-05,0.0001101092868129622,0.0010612364756068314,5.709548278264808e-05,7.006081529006185e-05,9.354247305348902e-05,0.00017133446809797172,3.27014497686992e-05,0.10956666363765187,0.002547586996231749,0.0039268438703454304,-0.022128749326153562,0.00139268799819636,0.009707629447775971,0.0015100482672634685,2.0
0.6521182203068855,0.6822279461871767,0.32240362082622426,6.778390805438237e-06,2.848063363629511e-08,3.873366174536134e-06,3.987288709081314e-06,1.1620098523608402e-05,4.969870569533496e-05,0.00043860175799894464,2.6828756885389983e-05,3.3037535018102326e-05,3.5145101907188156e-05,8.051475128980627e-05,1.1961866127243946e-05,0.06991141138701361,0.0008698811450899977,0.0019418409300196,-0.02083141043260342,1.7868749543411553e-05,0.006033895649932026,0.0002607288086868272,1.0
0.545094428825253,0.6619958075561588,0.5068799247913517,4.3108775090101694e-05,3.5627086851323725e-07,2.0708244232331908e-05,3.099556556065163e-05,6.208019883843159e-05,0.0002731706884325247,0.0027878195461160803,0.00013956911274006067,0.0002012039729928507,0.00019452389420822756,0.0004187518720787461,8.590581317025434e-05,0.08499286906968916,0.002041249487760736,0.003649643230435457,-0.018148402414977446,0.001494511759554466,0.011074924883956082,0.0016418475772281152,2.0
0.25524840957343664,0.949603663154559,0.1747008484044157,1.150142127828189e-05,9.897952907299393e-08,4.7708133013183065e-06,6.215914425784017e-06,1.4312439903954917e-05,3.9750178875714354e-05,0.0004374895185026331,1.6806724036594366e-05,2.2112026794906843e-05,3.432610068251429e-05,5.0439968015597696e-05,4.6520378664307126e-05,0.04898100975706176,0.0009655571836505446,0.0013542973044941462,-0.012246000724505232,0.000554152730239808,0.005317655403540783,0.00030174503315076633,2.0
0.5656664737649834,0.6918544380894589,0.4374112510341972,4.37218426497383e-05,3.587433243055451e-07,2.6591848914148528e-05,2.035868365433968e-05,7.973070382690738e-05,0.0001278919951149268,0.0011928215533159373,6.726437330728969e-05,7.089664946588334e-05,9.672616881588259e-05,0.00020174827700633087,0.00017165868068020327,0.09656473431994508,0.0028475924010485714,0.0028131620104983462,-0.022735788669853083,0.001256009705600805,0.0129699164611116,0.001119741053863344,2.0
0.5774840602034621,0.6020706949233283,0.5482746512922073,7.254274402495161e-06,2.4343202692936783e-08,4.114001255106316e-06,4.430462890114494e-06,1.234200376531895e-05,4.264929111802524e-05,0.0003992285241641632,2.5195214787189565e-05,2.4927439557567265e-05,2.7580848651097374e-05,7.556130115887578e-05,1.8013969992773222e-05,0.055346705642661066,0.0007426186099912681,0.001592464159204384,-0.0177962200446849,0.00024014082592528282,0.005883357730999196,0.0002313383238315169,1.0
0.5792449174282726,0.6205689724571425,0.5170169813931327,9.945015584249075e-06,7.739311738715237e-08,4.488800808454836e-06,5.185338864939208e-06,1.350509898405809e-05,5.208556800155353e-05,0.00048757663953906,2.553972873776028e-05,3.165378501134531e-05,4.097965565649718e-05,7.658048965458725e-05,2.2366610924887026e-05,0.10610983359365524,0.0014143127843797773,0.002786051614884881,-0.02707754158921061,0.0008137073665526506,0.007717591360320531,0.0004367990152213492,2.0
0.6109872261498994,0.6425845278516609,0.44542598687744017,1.775648268443969e-05,1.539579423506331e-07,8.672964085752335e-06,8.72428339986921e-06,2.607021157137388e-05,6.163449625437016e-05,0.0005439847296389038,3.2485125835983586e-05,3.597483919593128e-05,4.695717241694312e-05,9.740405819383393e-05,4.634134064754057e-05,0.12003074378796527,0.0024169960008254133,0.003701703182701683,-0.027897871964675303,0.0013081755042219183,0.012913581649858173,0.0011916806611766062,2.0
0.588663154834446,0.6005049602804065,0.5384003984959657,1.2664901563015076e-05,4.899381649135426e-08,7.741023005633974e-06,6.932625033526628e-06,2.3247565925147605e-05,4.943476083977645e-05,0.000519334454808355,2.8808364096916302e-05,2.9175817720601458e-05,3.292384468219006e-05,8.644958919899459e-05,2.3639516457078436e-05,0.051492501132413326,0.0009108856871347846,0.0015829093710384456,-0.017563550754593957,0.00017955743805916422,0.0055520576749066505,0.00024712726007321544,1.0
0.5672002933771514,0.7802742734041189,0.25407365758684647,2.412931843278121e-05,1.3442517232747191e-07,9.544187235250504e-06,1.300563542268291e-05,2.866616799883339e-05,0.00011180813708337479,0.0011694989992490057,4.842666833097176e-05,6.361671280397609e-05,0.00011526958527080716,0.0001452463986998334,9.809676950597265e-05,0.0684761827836142,0.0021208897957673803,0.0020345821138745266,-0.009850239746347083,0.0014596086849075394,0.010106968301087392,0.0014477187784151745,2.0
0.5573790470571013,0.6224929013706844,0.5427113401949565,8.784539748732878e-06,6.186295597699213e-08,4.732516132239898e-06,5.134625346090347e-06,1.419754839671969e-05,4.4665054215388316e-05,0.0004052023616492984,2.2456253019648134e-05,2.7374358019819014e-05,3.6808458806310324e-05,6.733782758095592e-05,7.14517141534259e-06,0.08270458584564076,0.0012492729055905744,0.002369997681808758,-0.019957169000749998,0.0006566567188089783,0.007019583428413698,0.00043900737394292577,2.0
0.5782223258792771,0.6024522794240005,0.5348314263541502,1.611759369634944e-05,1.4608090963458706e-07,8.180530939536876e-06,8.326611849171464e-06,2.4541592818610625e-05,5.078746291629144e-05,0.0004820670017941373,2.3859881906982558e-05,3.0238748294359528e-05,4.397035380001072e-05,7.162833935749252e-05,2.4541592818610625e-05,0.12474822746428285,0.002348474613104093,0.003521017381104379,-0.03139830933885695,0.0008702185867841986,0.009908312636967263,0.0006886351467447524,2.0
0.5723910479151187,0.6189971755639877,0.5248953721077252,2.168550237199296e-05,1.7702450915912623e-07,7.302261002813954e-06,8.098871294030024e-06,2.1906783008441874e-05,0.00011055180596987432,0.0010090397022070195,6.178155369653504e-05,5.394821916624372e-05,8.616667983320468e-05,0.00018534466108960514,2.1419965608254274e-05,0.11253890608518553,0.0018604523558460237,0.0034772658797363426,-0.030257077787217868,0.001194322404718419,0.009841319112070573,0.0006527380470097171,1.0
0.5760733407798931,0.6629460266172269,0.4664321210731757,3.2472220947995126e-05,2.8484404340346604e-07,1.8419914806757474e-05,1.5761370401658456e-05,5.525974442027242e-05,0.0001202991343307305,0.0011441235743372552,6.361516969344076e-05,6.64161361202415e-05,9.760655887292098e-05,0.00019079803507308834,0.00019839387623051409,0.10216406356737648,0.002691144805866543,0.003183013500015649,-0.023097025515038044,0.001169778527846461,0.009559033778569682,0.000800321561349995,2.0
0.5731174172070644,0.6140533438236137,0.5258595814341369,2.1185377218632823e-05,1.925943383512075e-07,1.0303797101789599e-05,9.24452824085796e-06,3.0863242720781e-05,4.973748787919932e-05,0.0004718561289604583,2.5903938508237405e-05,2.7444693215047072e-05,3.9048502100707314e-05,7.771181552471224e-05,8.300815982937043e-05,0.12924043075057776,0.0022029951540887454,0.00336937535629441,-0.03317447589302313,0.0007363892675443007,0.011211460514429632,0.0005433856662240968,2.0
0.5731707990625488,0.596703118564969,0.5533564844875066,5.021281313151316e-06,2.538850102155159e-08,2.651687884473166e-06,2.990201231427187e-06,7.983273098998998e-06,2.7024648865162688e-05,0.00023978028742576509,1.320202053120683e-05,1.720776180349608e-05,2.048005749071828e-05,3.957785214804097e-05,1.8336139626676148e-06,0.09322375480657949,0.0009593129739330004,0.002092855946598678,-0.022468778268960227,0.00046127803317145487,0.004015013717051234,0.0001256420496665429,1.0
0.5393240156559223,0.7893582091163026,0.27791027223145803,1.076162443217188e-05,6.94298350462702e-08,5.51967188617848e-06,6.109825484071778e-06,1.6524300741012307e-05,5.964022830474609e-05,0.000558910172122475,2.6695771575290883e-05,3.513149653341273e-05,5.7661478005927404e-05,8.008731472587265e-05,2.350199916316246e-05,0.09015464080758183,0.0016332604966449549,0.002347624069436029,-0.024720232406343075,0.0009712852058880447,0.00778218886381479,0.00037670545601054814,2.0
0.6434919233076636,0.7059551794011747,0.2869916529720842,1.5438042623471162e-05,6.237592979180269e-08,9.418765398562205e-06,7.672239364391732e-06,2.8225108230790715e-05,6.565066610587232e-05,0.0006518284663243381,3.4525077139762784e-05,4.004534692633732e-05,5.002549569302575e-05,0.00010354404345439244,3.2684987210904605e-05,0.0681893664483987,0.0010339059866710462,0.0022303168644321855,-0.020988605280349088,0.0005666884409550169,0.009163379629215627,0.0003602677764950044,2.0
0.5658206313784063,0.6585824895996452,0.4953197410628435,9.117430435398713e-05,4.695168553793994e-07,5.282064623018244e-05,5.745712517705401e-05,0.0001584912834940085,0.00034943791961611787,0.0038206934106498618,0.00016571010514546678,0.00023299773948202691,0.00040431270208858523,0.0004971596602398615,0.0006371637175533062,0.02476994860160944,0.00183659147630552,0.0022546199395318757,-0.0071426161313498425,0.0013219628545651986,0.009035913505863807,0.0015475480966929231,2.0
0.5715428132566849,0.6010454247948812,0.5510682762527853,6.913778083143991e-06,2.8687875863668018e-08,3.844175365731514e-06,3.958926869186186e-06,1.1532526097194542e-05,2.9118194001623022e-05,0.0002553220951866453,1.4458689435288677e-05,1.8388928428611197e-05,2.1860161408115027e-05,4.34047561817297e-05,4.790875269232557e-06,0.08876028792218882,0.0012405756350608733,0.002128798172401417,-0.022039710216782964,0.0004972153956815075,0.006033364385613538,0.00019651481845371223,1.0
0.5884617178251039,0.6512561731797321,0.4680868427985169,3.344174610263654e-05,3.082188580888161e-07,1.8801350343417778e-05,1.746573529169958e-05,5.6352681220571874e-05,0.00018791076381481487,0.0018955459772462188,9.575332524625883e-05,9.965743078205053e-05,0.0001587840817254218,0.00028725997573877666,0.00013905807480773751,0.09736633727025701,0.0035196076473068406,0.0036964482171352986,-0.028406646878030867,0.0012470021300176686,0.01237338955118487,0.001132807043095762,2.0
0.612928906958066,0.7307416524963962,0.2920234124086199,2.3431801126458835e-05,1.4690784405303345e-07,1.3515521652879076e-05,1.2891163315653682e-05,4.054656495863724e-05,0.00010492892761487912,0.00094388289804074,5.681660868751068e-05,6.827542052364728e-05,8.450873729150748e-05,0.00017044982606253202,6.596162197981203e-05,0.06732051953730257,0.002149147904916738,0.002706644809617493,-0.021394398673121037,0.00042491992083509524,0.007331237631877161,0.0007218133282740731,2.0
0.6179979575625425,0.7506248776209038,0.2248699408043536,1.635197522681806e-05,8.651838744348179e-08,8.507641431942378e-06,9.142109606527911e-06,2.552292429582713e-05,5.4333547314506565e-05,0.0005479497871420515,2.9589288505670784e-05,3.348261594062746e-05,3.9596581986633505e-05,8.876786551701233e-05,0.00012683595599214433,0.061165615976293525,0.0013346989754668566,0.0019159698775596415,-0.01650786982520622,0.000549873379289545,0.007369858306296886,0.00042846501013635486,1.0
0.5634665242802339,0.6112403100299884,0.5484725994899275,6.021428406033257e-06,2.8402964179402165e-08,3.209534952272445e-06,3.834400164219293e-06,9.628604856817332e-06,3.587294375858493e-05,0.000315272902391364,1.8177897074817383e-05,2.343244544800679e-05,2.7011218934611457e-05,5.450528826027276e-05,3.379952737348858e-06,0.08741012226211016,0.001323424754753572,0.0020981354848216916,-0.02007501910154861,0.0004975659667911849,0.004295309265440541,0.0002735773509760017,1.0
0.5984528878251018,0.661272076566158,0.4483797999758247,1.13383328372874e-05,6.031028104940105e-08,5.488235575495497e-06,6.483355212810615e-06,1.6464706726486493e-05,0.00010635718063061876,0.0008956076735836056,6.19688137782596e-05,6.260207172927831e-05,7.629250552749235e-05,0.00018590644133477884,5.210808282668252e-05,0.05639614380929494,0.001828224751133176,0.0019954711915112708,-0.016842427001184834,0.000937058929748859,0.007434834330758386,0.0006328448255935227,2.0
0.5626096328739376,0.6237586504346423,0.5267516556197631,1.672534393359989e-05,1.4501743295028802e-07,8.169315389532894e-06,1.0296237739470452e-05,2.450794616859869e-05,8.338502394641564e-05,0.0007492567369098218,4.22484121328506e-05,4.935426634741469e-05,6.433940108561114e-05,0.0001267935755428685,2.0060744891456518e-05,0.1263730249873127,0.0017461645779832818,0.0036894465186614587,-0.029085136238723063,0.0005281341551472224,0.009690640105555615,0.00084317486040286,1.0
0.5611562436396909,0.6629606027054049,0.4933355947516767,4.4826452330851486e-05,2.446191123102401e-07,2.596020329392423e-05,2.504288162276084e-05,7.785003249273394e-05,0.00018499320368461905,0.0018896826425966044,8.760421959610472e-05,0.00012539787244803685,0.00019444161689760207,0.0002628126587883142,0.00018520724540789052,0.043930534832015235,0.0014616725817873776,0.0023513217158706817,-0.013076741485019177,0.0010877478067099443,0.009608528652945692,0.0010276601795098377,2.0
0.6037460209181074,0.7366185735509012,0.2883027631752416,1.864330633955575e-05,1.1141418131208616e-07,1.0398656922461377e-05,9.3959292906526e-06,3.123310882782149e-05,6.651426624331543e-05,0.0006239194153476825,2.94504819268281e-05,3.9254929882291685e-05,6.681137072681431e-05,8.83885838409217e-05,4.34515307117136e-05,0.09536311159105826,0.0015887105184196927,0.0026880416730381343,-0.024643810464795603,0.0007794016191747426,0.0072714873951997844,0.0005022625569669718,2.0
0.5883873960905865,0.6592848403330689,0.4640145638987434,9.004031228906157e-05,6.976263865371506e-07,5.3903265466437185e-05,4.604334151145194e-05,0.00016166328797354238,0.00031318773912941147,0.0030649052581865482,0.00016794192545237672,0.0001843128913231152,0.0002689582262229561,0.0005038257763571302,0.0007787370810785366,0.05783322744392979,0.0029697722732757656,0.003139100149816063,-0.017488786582414678,0.0011295082790719934,0.012253263330943552,0.001760264851038269,2.0
0.5653052825814578,0.6160293372061153,0.5354498173801471,3.3931755273807794e-05,3.3595797300799795e-07,1.9653541420967887e-05,1.9485562434463878e-05,5.8960624262903636e-05,0.0001358950000817352,0.0012094487028287927,7.676639683232754e-05,7.956604660739418e-05,9.804373512283406e-05,0.0002303551834924839,6.926333543514893e-05,0.11498721556153745,0.003105427523499429,0.0044116657183518255,-0.028121294939039865,0.0008228058702929882,0.013596812693385993,0.00148194421473558,2.0
0.5699670106573254,0.6543958840133033,0.4838526141379468,5.871050481912312e-05,5.656117997988741e-07,3.518105394748997e-05,3.257923966841514e-05,0.00010548660066249,0.0001765274427172286,0.0020418585972739357,0.00010028297210434038,0.00010084858390413924,0.00012098436397697918,0.000300905477493001,0.00012556581955535005,0.10859746556138382,0.003361923008470533,0.00446899498421687,-0.0277935133885469,0.0015028248959476102,0.01356575784097215,0.0015721066853049749,2.0
0.2915381910378102,0.9461707362582196,0.1326177039075479,1.6432040898148805e-05,1.1517785676272526e-07,7.7553090220235e-06,7.390579142274869e-06,2.324673075661005e-05,3.5378798335617116e-05,0.00045111327232067393,1.5280262330521552e-05,1.5971329471097906e-05,2.43985093242373e-05,4.585998330102511e-05,0.00011615686854520843,0.045481816004654174,0.0007826354563336642,0.001272077999754027,-0.00897089804192825,0.0005020775543072338,0.005187524285200573,0.0005267601690114859,2.0
0.5684802880467537,0.6519108433097704,0.500251803470344,5.180880156676755e-05,2.7125026998307615e-07,3.001836321146043e-05,3.095266969695769e-05,9.002495071549428e-05,0.00021452882463772626,0.002176029943642011,0.0001047026042134674,0.00013803624850249876,0.00020566798248494573,0.00031410781264040223,0.0002431909364992713,0.03706484244724301,0.0016662904085060367,0.0023027219030754397,-0.010178892423006587,0.0010107297421190495,0.009870089060090298,0.0012617537836370546,2.0
0.5917234448407596,0.7704158663840804,0.2294118253243874,2.035227882281598e-05,8.79781505309048e-08,1.2082332672910927e-05,1.1613115870079433e-05,3.621767196855581e-05,7.548525315551631e-05,0.000747814279512691,4.2640076957311866e-05,4.639381137996379e-05,5.155519621111021e-05,0.00012794955692211254,0.00013023698883591608,0.05679869398275214,0.001491168066793465,0.0020052009395054,-0.02033607324748819,0.0004688942162795457,0.006792927902321973,0.00033090928498687454,1.0
0.5538443500471226,0.6443836954120877,0.5129240712861459,1.867979361834482e-05,1.3836884161736903e-07,8.302130497042144e-06,1.0147048385273731e-05,2.490639149112643e-05,7.86857479330772e-05,0.0007010687975280032,4.4923750578439154e-05,4.2663726165355455e-05,6.203536399178712e-05,0.00013472512878811167,2.038634266495904e-05,0.11872969069714377,0.002287486015850022,0.0035189917677182084,-0.02671358080854368,0.0015177493745220387,0.01017022055394992,0.0008679416205185501,2.0
0.5524288028060602,0.626503665609065,0.5337077377229049,2.3082818437197e-05,1.9985124188049356e-07,1.1291595166247885e-05,1.3989586931634546e-05,3.382482268827353e-05,0.00010986822022380133,0.0009842673662614305,6.415224864363843e-05,5.9905409753677945e-05,8.173915792912185e-05,0.0001924567459309153,2.0984380397451817e-05,0.1290039766338586,0.002145822769195047,0.0040786640699180515,-0.026935096016593878,0.0012519281345119752,0.00888289306976428,0.0011628544360058396,2.0
0.4264162170261869,0.8414041526803501,0.31845612652392474,2.5854546492105004e-05,2.4506679139436024e-07,1.290685101343631e-05,1.531667446214752e-05,3.872055304030893e-05,0.00015386110053042587,0.001556174125354188,7.074261378250534e-05,9.169582444672318e-05,0.000154392078578447,0.00021226868581274838,0.0001179179711259197,0.09012739698179922,0.0021351280822372713,0.003014109142931423,-0.022757894769385445,0.000967413412368807,0.011625841965906233,0.0008965931941023599,2.0
0.663539941035308,0.6873144478980593,0.2869262445280409,7.781564930854374e-06,2.8092292169149368e-08,4.326212994049004e-06,4.298120701879854e-06,1.2978638982147008e-05,6.876993123007767e-05,0.0006096027400705413,3.961013195850061e-05,4.0059608633207e-05,4.553760560619112e-05,0.00011885848816767097,1.7417221144872606e-05,0.06764062108487785,0.0013201354674464026,0.0017648476894009044,-0.019147947936204862,0.00048394591719793615,0.006279180717960617,0.00033612989426230603,1.0
0.5630978165704148,0.6344237363305499,0.5156492938959597,4.1346652082258375e-05,4.122885535267929e-07,2.5208500129923905e-05,2.1851293336920026e-05,7.556660202498221e-05,0.00018588323927579408,0.0017433915977704386,0.00010554586970285896,0.00010843188957754652,0.00012898741888909664,0.0003166965074733665,0.00010748951574091384,0.11578829533976033,0.0033930405581418426,0.004586692488476134,-0.0302268292847602,0.0012395632056877396,0.013149507566837618,0.001535085751019266,2.0
0.4372820766678809,0.8141482125774582,0.37237161504419547,1.987169508341134e-05,1.8711577291347774e-07,9.73002019150084e-06,1.294841148561266e-05,2.9190060574502533e-05,6.717456247593851e-05,0.0006099974196979375,3.0312755211983398e-05,4.2812088842603714e-05,6.571505944721338e-05,9.090084248136748e-05,4.4121899252998054e-05,0.08264903689588313,0.002484306178448578,0.002456889975401295,-0.01945578911264109,0.0007737910826754794,0.007935250605500264,0.0009445753909290688,1.0
0.5501403542665871,0.6792637552517587,0.4698273103430668,1.65976842719997e-05,1.4105680684419004e-07,8.275332668192485e-06,1.0250127964011146e-05,2.4825998004577454e-05,7.791037631360765e-05,0.0006817745664135852,4.142368227657715e-05,4.9934109622843294e-05,6.197095714021418e-05,0.00012427104682973146,2.7741172012690723e-05,0.11963968167168056,0.0018218991209866817,0.00355689784517022,-0.028270412450076558,0.0010781347898586365,0.008806392738386612,0.0007669634739603533,1.0
0.1910648995114349,0.9704875978735956,0.141349601522633,8.130700277778212e-06,6.557016353046945e-08,4.163705384184809e-06,4.311238252128368e-06,1.249111615255443e-05,2.7211617865144824e-05,0.0002524451295923074,1.344188352374624e-05,1.593354973790408e-05,2.444127845598249e-05,4.032565057123872e-05,2.2900379613016447e-05,0.03927324944657468,0.0009285128576895656,0.0010944545490443013,-0.010542238112847728,0.0002513140442714068,0.003543962426560225,0.0001977022393148067,1.0
0.5743254192365119,0.6189631877272936,0.5292991238045792,9.667284519969195e-06,6.118534506309621e-08,5.1395689853000796e-06,5.5678664007417524e-06,1.541870695590024e-05,5.087561441996449e-05,0.00046194935522637616,2.536132552865337e-05,3.0684450549142726e-05,4.1789590678094696e-05,7.611456925849166e-05,8.107058220860244e-06,0.08048932143050302,0.0012138958311810563,0.0023199157804813676,-0.018375938468360574,0.0008164939557289935,0.00728883883840047,0.0004915967141766993,2.0
0.5617490576155351,0.6339292383774351,0.5198097676083212,3.787320711171739e-05,3.36437119012718e-07,1.6052856821463967e-05,2.369478566760999e-05,4.820663290996515e-05,0.00012712516854123415,0.0012736548076910034,6.699904912910413e-05,7.81014740565238e-05,0.00010270944619002546,0.0002010452098328856,3.7777082220570895e-05,0.10863554572920665,0.002595607566938562,0.003909553122753617,-0.021516379353225437,0.0012622784268238162,0.008781066481166624,0.0015677825558655936,2.0
0.518460345571255,0.817994383030681,0.2420635991957077,1.73765529513281e-05,9.129537452536655e-08,7.060175629961681e-06,8.186151915774534e-06,2.118052688988504e-05,9.960325360717491e-05,0.0008551333413876,5.212965885398432e-05,5.976803852260664e-05,8.593937921987836e-05,0.0001563889765619529,7.562300189851198e-05,0.056420541456676535,0.0020606309415911995,0.0020847511795408008,-0.014597658693837728,0.0012104214640696674,0.009019371324096895,0.0008436514264514598,2.0
0.611970990861454,0.7437697323636173,0.2627986387684781,1.5765736460794914e-05,1.0557412808568023e-07,8.340356118768741e-06,8.93860951125426e-06,2.498587698027765e-05,0.0002367323865441237,0.002287439441856405,0.0001333049323961856,0.00014970411362549455,0.0001689889876891455,0.0003998796058125281,0.00014829645858435215,0.051868569128494704,0.0021092690241614077,0.0026180166708558894,-0.02035212996274427,0.001055012819373011,0.010582384608997887,0.0006828956901094142,2.0
0.6290334790616535,0.715762523856014,0.2885650153440494,3.6623728961895205e-05,2.6443125604256467e-07,2.0669709847327136e-05,1.8466116046972435e-05,6.200912954198141e-05,0.00015359048788472294,0.0016086234742589349,8.23262643812518e-05,8.400099566952137e-05,0.0001299679623449205,0.0002470228650197625,0.0001145428057424376,0.0893072495407755,0.002156635216469147,0.0032189525301193444,-0.025212938514895245,0.0006999936066206757,0.010039251629721187,0.0007969429194610814,2.0
0.560851622480804,0.7234302209047357,0.399637920705089,1.654420179656447e-05,9.544731805710271e-08,9.13112676079616e-06,9.926521077938683e-06,2.742519605507418e-05,0.00020715249595659862,0.0018453148157706524,0.00011679570152920801,0.00013232179859983006,0.00014899326348713732,0.0003503552888149384,0.00015347928743582117,0.0442939187330328,0.0019180902142119246,0.00235703015891566,-0.017546624528150114,0.0009530382892229019,0.009979176181733516,0.0007030267658813957,2.0
0.5691615647732154,0.6173020432077037,0.5376022733940625,1.3151037977118413e-05,6.399531862344729e-08,7.455454619631607e-06,7.7114358941254e-06,2.2398361518206547e-05,6.802702369672448e-05,0.0006047557609915766,3.692529884572908e-05,4.310084709289174e-05,5.15802268104985e-05,0.00011080789419649895,1.8750628356670046e-05,0.07428576585809758,0.0011523893005798644,0.002492086499238697,-0.01967745015793192,0.0006976673643350286,0.007926082592320301,0.0005306075850685197,2.0
0.6278035103452541,0.7052385936982106,0.3187485875763844,1.9583161227301924e-05,1.2239475767063704e-07,9.465194593195929e-06,1.0893133432686696e-05,2.8395583779587793e-05,0.00016878237082780848,0.0015095353446045233,8.245326841745248e-05,0.00010570827237487352,0.00018461209281987758,0.0002473190069998006,7.543596897766927e-05,0.07952803370912424,0.0025662794428570365,0.002851597942288314,-0.021161890408242914,0.0009694562369070703,0.010434299965131011,0.0010597958075437678,2.0
0.5289652892347904,0.6683462183656584,0.5076521995006416,2.9604605061533045e-05,3.3388652325037253e-07,1.4913598038516642e-05,1.847505428652062e-05,4.468514636167488e-05,0.00015792832549742626,0.0014190177238140836,8.018841333396449e-05,9.599237543448211e-05,0.00013600311047065177,0.0002406208877557685,5.6872004460313467e-05,0.12165711952166078,0.0030441380336552345,0.004443267250234371,-0.027889980904359242,0.0018140945172254745,0.013537941044522007,0.0015100685787044603,2.0
0.6531296327561513,0.6720422166593183,0.32752109504015264,1.0779868554321604e-05,8.693442382517423e-08,4.564057250821648e-06,5.911540820111848e-06,1.3692171752464944e-05,4.916141667313603e-05,0.0004650991674646823,2.268988461837048e-05,2.8644892650394915e-05,4.385841681980041e-05,6.811312106702402e-05,2.1516269896730628e-05,0.11631391235689187,0.0012904893610304164,0.0031398801328328782,-0.02989845661490558,0.0003880187605800914,0.008711068336947979,0.0004952741059744001,2.0
0.6046818486272899,0.7355257668103503,0.29139017395757894,4.074800475165831e-05,3.090314553213522e-07,2.2382706835417935e-05,2.044022340196944e-05,6.710397315549363e-05,0.00013734240821496098,0.00135973840341395,7.231336054519644e-05,7.765518998717978e-05,0.00011491555402878283,0.00021694008163558923,0.00011738780567135361,0.08820199208378994,0.0021991252276227303,0.0032186376576681763,-0.02350658360266048,0.0009079344157341328,0.010116621481332674,0.0009988205667441422,2.0
0.34941649451980783,0.9213364590881722,0.16172248351384114,1.1356915977095585e-05,6.138873501132748e-08,4.992950447587969e-06,5.340819945985492e-06,1.4958388431093466e-05,3.52985226315133e-05,0.00035810095423274363,1.5490424134524965e-05,1.9869487231999666e-05,3.3804730079571e-05,4.645080949190447e-05,3.687416683013737e-05,0.052569220081366774,0.000996007670064784,0.0013833398936187544,-0.009408507101735727,0.0007614535913335038,0.006089535374804144,0.000578650216216773,2.0
0.6190733617417871,0.6412217470114465,0.4482301538861749,4.536593528439945e-06,1.7165489026529524e-08,2.256035700629594e-06,2.7710003714254803e-06,6.768107101888783e-06,2.824949051223144e-05,0.0002525779099617915,1.5056586088984466e-05,1.790115284195222e-05,2.108902937545056e-05,4.5145236139772635e-05,1.0593558942086791e-05,0.06573156190801767,0.0014967497200936773,0.0015576553273725223,-0.017948995512081872,0.0004925833253180093,0.004974588146440872,0.0002118662744162997,1.0
0.5841201318192888,0.5991953567783325,0.5282078209145087,1.8778096869907338e-05,1.582423893531517e-07,8.967068730011929e-06,1.0549492623543447e-05,2.6901206190035795e-05,7.827723526669238e-05,0.0007015412594656395,3.9771587190758794e-05,5.011008996183137e-05,6.778049010626665e-05,0.00011926201410915869,2.2681409140618414e-05,0.14004451457753928,0.0019468561162118258,0.004094036547852118,-0.032099822088289716,0.001014729321727085,0.009964006332429413,0.0009186076196876691,1.0
