0,1,2,3,4,5,0
3.141777163617552e-12,6.732379636323326e-12,1.1181030494050701e-11,2.640148876989539e-13,4.9714003353713034e-11,1.0,0.0
4.642590600415769e-14,1.4891328340956249e-13,3.7987486610949167e-13,2.335894641718626e-14,2.3566257066638795e-12,1.0,2.18
1.5752697120340584e-13,1.2530554527543646e-13,7.953918659626514e-13,2.386772290960694e-14,4.174464736890255e-12,1.0,88.48999999999998
2.0669237551117185e-13,5.939436077907238e-13,1.0738500428856285e-12,9.503097724651581e-14,7.2413604661845e-12,1.0,2.69
1.2349477196796575e-13,2.372825312921613e-13,7.61461214055754e-13,3.235670881256745e-14,3.849909070215317e-12,1.0,0.0
1.4899614222435816e-09,3.038737111154674e-09,4.910991266737069e-09,5.881426666750981e-10,9.841587289029978e-09,0.9999999999999998,1.94
2.5247645017711775e-13,7.108560247705258e-13,1.7317923500012985e-12,4.902455343245004e-14,7.424768617344562e-12,1.0,0.0
1.4738732948132954e-13,5.731729479829482e-13,1.765918558785559e-12,7.27838664105331e-14,5.850003262746598e-12,1.0,16.33
5.055556940248785e-07,1.9107616782042646e-06,3.1846027970071093e-07,1.1942260488776654e-07,1.202187555870184e-06,0.999999999997266,0.0
1.6474318508494312e-13,3.0367407388929615e-13,1.1941982955696573e-12,2.2775555541697206e-14,5.061487626549844e-12,1.0,2.47
8.795887582371475e-13,4.015513896300021e-12,4.856859665048597e-12,7.648597897714327e-13,6.68678671207675e-11,1.0,22.03
8.286356427491816e-12,1.0985699809174756e-11,3.2580446862638276e-11,1.2555085496199718e-12,9.940488941616129e-11,1.0,10.08
2.1762881894360644e-09,6.159306196517164e-09,8.150815200057714e-09,6.159306196517163e-10,1.7779863887279543e-08,0.9999999999999998,0.0
2.25032302869112e-14,1.7041281188146344e-13,6.335860954567232e-13,1.3108677837035647e-14,1.8686420256694322e-12,1.0,18.3
3.5217422287711933e-13,1.5811903884278823e-12,2.5874024537910805e-12,2.3957430127695195e-14,1.269264648165291e-11,1.0,0.0
1.9586592282719636e-13,3.9579124301868685e-13,1.4319524202547877e-12,6.089096046441337e-14,6.3844172046937414e-12,1.0,1.56
2.6931271052329924e-13,2.8400249473366096e-13,1.5473239368247736e-12,9.793189473574515e-15,6.204964850456812e-12,1.0,43.32
3.8483506733635105e-06,1.5305940178150322e-05,2.886263005022632e-06,1.3119377295557422e-06,8.177745180897458e-06,0.9999999998369956,1.1
1.918166221642601e-12,3.307183140763105e-12,7.444836714651168e-12,2.939718347344983e-13,3.111691870664664e-11,1.0,7.36
7.625125987226322e-14,4.048739462244064e-13,2.800378128052145e-13,4.723529372618075e-14,4.6061159282129975e-12,1.0,0.0
9.804443262936204e-14,1.1264679493586275e-13,4.268061897014356e-13,1.668841406457226e-14,3.1353357923815137e-12,1.0,3.33
5.204528679341712e-08,3.363902682989155e-07,2.0310355821821318e-08,4.442890336023413e-08,2.767285980723153e-07,0.9999999999999024,4.62
4.9053787476091165e-14,1.2555433699237615e-13,3.7987486610949167e-13,5.839736604296567e-15,2.3566257066638795e-12,1.0,5.83
5.726788962654913e-14,1.1244380154984538e-13,7.225167992609831e-13,2.614972129066171e-15,2.1576135036924972e-12,1.0,70.76000000000002
1.203234403860075e-13,1.6348293530707544e-13,2.857681709167678e-13,2.6157269649132067e-14,4.491857130497205e-12,1.0,24.23
1.62865128404901e-13,1.5091749350261097e-13,5.351282790446747e-13,3.144114447971061e-14,4.353340864660731e-12,1.0,0.0
1.5856013687763622e-13,4.771485600484423e-13,1.3294092957657368e-12,5.13852295436784e-14,4.927109438530993e-12,1.0,0.0
8.574755171254137e-14,9.527505745837932e-14,4.0721265298877683e-13,2.117223499075096e-14,2.7421573018854287e-12,1.0,0.0
9.581664084941331e-14,1.9062996608783804e-13,3.938013773130339e-13,2.5082890274715524e-14,3.6335074851952924e-12,1.0,0.0
9.640834484529922e-14,4.590873564061869e-13,8.29636436934038e-13,3.279195402901336e-14,4.502335288183533e-12,1.0,0.0
2.842056677164195e-13,5.083353406309941e-13,2.0945726649181647e-12,3.4659227770295046e-14,7.082035541063624e-12,1.0,3.2
5.177098574670238e-14,1.790820261678384e-13,3.972364944086598e-13,1.9536221036491462e-14,2.5712922920862182e-12,1.0,0.0
2.8021788568055246e-13,2.729394990394991e-13,1.4920692614159284e-12,5.458789980789983e-14,5.850003262746598e-12,1.0,8.59
1.8030329135046e-13,1.8541827833912557e-13,1.391915834290608e-12,5.114986988665532e-14,4.41167627772402e-12,1.0,5.86
2.4913741416869735e-13,5.211547949447242e-13,1.810059580490944e-12,1.0168874047701931e-13,7.644451065359924e-12,1.0,196.48
1.0554867570971134e-08,2.6918454207845844e-08,1.8205375608990474e-08,2.1251411216720397e-09,4.7886513275009956e-08,0.9999999999999984,0.0
1.4453960014074652e-13,4.1422934186677366e-13,9.544901643440766e-13,6.169373176739184e-14,5.70314483238275e-12,1.0,1.56
1.7992268082061954e-13,1.9354232598233976e-13,8.680731732022719e-13,4.300940577385328e-14,4.834257208981108e-12,1.0,1090.84
4.4442787643296206e-13,3.8708234398999925e-13,1.868030719329515e-12,1.146910648859257e-13,8.416890524315872e-12,1.0,0.0
1.6763995995772815e-13,5.434902811414931e-13,4.3402674564398123e-13,1.5309585384267414e-14,5.095030015884195e-12,1.0,54.29
1.771491440749394e-13,3.525356100993819e-13,9.544901643440766e-13,1.762678050496909e-14,5.70314483238275e-12,1.0,0.0
9.195870776138173e-14,2.850182170382006e-13,4.5226475571533336e-13,3.764391545787555e-14,3.841292687365787e-12,1.0,0.41
1.2199811808661936e-13,2.7043917802452576e-13,5.288588370257391e-13,2.403903804662451e-14,4.198417994842972e-12,1.0,0.0
9.944131618338454e-14,1.0782793321089891e-13,4.225257531004854e-13,7.987254311918439e-15,3.027568746932685e-12,1.0,0.0
1.4284705413726516e-13,2.5562104424563247e-13,8.864035622517665e-13,5.2627862050571385e-14,5.022201692825954e-12,1.0,1.69
9.174345615911853e-14,8.454175140942663e-14,8.238123998451905e-13,2.5049407825015294e-14,2.4921029609912088e-12,1.0,6.3
9.481332523842469e-14,1.755802319230087e-13,3.938013773130339e-13,1.5049734164829315e-14,3.6335074851952924e-12,1.0,0.0
1.5367282580560834e-13,3.7583028050284637e-13,9.287183820425893e-13,1.670356802234873e-14,5.462901921709153e-12,1.0,1.63
8.95801147062625e-14,1.8698761807617898e-13,4.3050637650097024e-13,3.04398448030989e-14,3.2409737616785158e-12,1.0,2.03
1.6434369834226038e-13,7.532419507353599e-13,1.6810990809593717e-12,9.130205463458908e-14,7.0131390716193755e-12,1.0,5.23
5.374538745871257e-14,1.2886320969632842e-13,3.9098983624934774e-13,1.2572020458178382e-14,2.499631967597317e-12,1.0,11.22
9.50717277069856e-10,4.1257542212465446e-09,4.601112859781472e-09,3.587612366301343e-10,9.166349595899932e-09,1.0,0.0
8.574540564279942e-14,3.0348093008406537e-13,3.8874461996482657e-13,1.926863048152796e-14,3.517488494402929e-12,1.0,0.0
1.913854649192277e-13,4.808680023096175e-13,1.8407627128412155e-12,9.61736004619235e-15,6.115679253373715e-12,1.0,82.75
1.0314385553116361e-09,3.4979220571438098e-09,4.601112859781472e-09,1.7938061831506716e-10,9.166349595899932e-09,1.0,0.0
6.382951625812508e-13,1.673578779938645e-12,3.183691725557702e-12,3.1136349394207357e-13,1.871294598591862e-11,1.0,71.3
2.5549296044851105e-13,4.957326098254693e-13,1.810059580490944e-12,8.897764791739192e-14,7.644451065359924e-12,1.0,2.74
7.315748166381675e-14,9.483377252716984e-14,4.0304353324047174e-13,1.6934602236994612e-14,2.6536521705370566e-12,1.0,4.41
1.1130165145817555e-13,2.326644691498585e-13,5.351282790446747e-13,2.5152915583768494e-14,4.353340864660731e-12,1.0,0.0
1.600710675107561e-06,2.4556356947672805e-06,1.3278622645778628e-06,4.5474735088282977e-07,2.328306436520089e-06,0.9999999999920084,0.0
8.060473491560667e-13,9.030405986395765e-13,2.9733447858910504e-12,2.675675847820968e-13,1.6575811877250893e-11,1.0,0.0
1.0571934858082761e-13,3.3385057446577144e-13,1.1892162129833767e-12,1.0116684074720344e-14,3.6576871272151415e-12,1.0,15.34
7.616857454335787e-06,4.671672571992616e-05,4.976346870166047e-06,5.077904969557192e-06,1.6046179703800724e-05,0.9999999987257508,24.24
1.3553183396794767e-13,2.0706252411769775e-13,8.125635416133898e-13,6.274621942960539e-15,4.345803157694469e-12,1.0,11.53
6.926146369053647e-14,4.4281919408703653e-13,2.6228521495924477e-13,1.1354338309924012e-14,4.0114877248961535e-12,1.0,0.0
3.60115830085969e-14,1.4192800362211719e-13,6.170690664943691e-13,1.2709970473622433e-14,1.8230334315999115e-12,1.0,3.95
1.813196670179818e-13,1.3598975026348641e-12,1.819672372573318e-12,4.8567767951245127e-14,9.276443678687822e-12,1.0,3.3
9.612977104711275e-14,1.033395038756462e-12,1.747158588781274e-12,9.612977104711275e-14,7.30826584385675e-12,1.0,0.0
1.160835172627073e-13,2.5577724142630413e-13,8.29636436934038e-13,2.6233563223210684e-14,4.502335288183533e-12,1.0,3.07
3.3805504471216755e-13,5.178715578569376e-13,1.9520880666996227e-12,2.8770642103163195e-14,8.439867860962924e-12,1.0,10.02
8.219754745278304e-14,3.9530118240651393e-13,8.125635416133898e-13,5.019697554368431e-14,4.345803157694469e-12,1.0,0.0
8.113784842103238e-12,1.6567414075498756e-11,3.9634352134462404e-11,2.5488329346921167e-12,1.266345163052867e-10,1.0,3.52
6.820676040488032e-14,2.4242161830650237e-13,1.0206361014802572e-12,8.217681976491604e-15,3.097244336939686e-12,1.0,0.0
3.354713647913326e-13,5.734553244296286e-13,1.868030719329515e-12,4.300914933222213e-14,8.416890524315872e-12,1.0,1.29
5.2018810067129124e-14,1.6143768641522835e-13,7.958280022913663e-13,1.1958347141868769e-14,2.401535064765795e-12,1.0,0.0
9.758819900995165e-08,3.2743408878339035e-07,1.1042875151126105e-07,3.852165750392828e-08,2.7928201690348e-07,0.9999999999998958,0.0
2.850529411829604e-11,5.641672794246092e-11,1.3970563419435712e-10,4.453952205983757e-12,3.4458743566961e-10,1.0,0.0
8.532178058422113e-10,2.241504405178691e-09,2.169197811463249e-10,4.338395622926498e-10,7.715113549437622e-09,1.0,0.0
5.078975187071379e-13,1.2218289365124546e-12,2.5874024537910805e-12,1.9165944102156158e-13,1.269264648165291e-11,1.0,0.61
1.2450693213965407e-13,3.1441144479710604e-13,5.351282790446747e-13,1.8864686687826368e-14,4.353340864660731e-12,1.0,0.0
3.7004175075755593e-13,6.57083482653604e-13,1.888250429099304e-12,1.210416941730323e-13,9.778439722121394e-12,1.0,1.52
8.366866384673322e-08,3.4691885009621087e-07,8.979076120137224e-08,1.3604660788086703e-08,2.9250020694386407e-07,0.9999999999998896,0.0
1.6777992582383612e-13,2.808985183475989e-13,1.1941982955696573e-12,4.555111108339441e-14,5.061487626549844e-12,1.0,0.21
3.582182616940036e-08,1.0234807476971533e-07,1.7789070138545755e-08,1.4621153538530761e-08,1.2866615113907067e-07,0.9999999999999856,0.0
1.4363325232858143e-13,2.2837086144293286e-13,1.3365705153923228e-12,4.807807609324902e-14,4.198417994842972e-12,1.0,0.0
2.1280323684131704e-13,2.449533661482787e-13,4.3402674564398123e-13,3.061917076853483e-14,5.095030015884195e-12,1.0,6.44
1.2564315138160297e-13,1.9329715597169683e-13,7.788738343565432e-13,2.274084187902316e-14,4.01603267583549e-12,1.0,14.57
1.353938573469089e-13,1.314976312362064e-13,7.271331979098381e-13,4.8702826383780154e-15,3.548487930322223e-12,1.0,95.18
1.5748033001223535e-13,1.3644505127413896e-13,7.788738343565432e-13,2.274084187902316e-14,4.01603267583549e-12,1.0,0.0
2.1422848487351667e-13,4.1157196601316e-13,1.0225980386326978e-12,1.0553127333670769e-14,6.587262081677296e-12,1.0,4.53
1.9692699906362297e-13,1.214809409808064e-13,1.391915834290608e-12,1.278746747166383e-14,4.41167627772402e-12,1.0,0.0
1.0635145476479383e-13,1.6053049775817942e-13,3.938013773130339e-13,3.009946832965863e-14,3.6335074851952924e-12,1.0,0.0
9.493804030940171e-13,1.918437083972365e-12,4.9830173488820674e-12,2.4595347230414943e-13,2.256869061862876e-11,1.0,7.73
3.2356205265417036e-13,4.1670870417582554e-13,1.7317923500012985e-12,6.128069179056256e-14,7.424768617344562e-12,1.0,16.399999999999995
1.474206904336969e-13,5.402852528983656e-13,1.568370905556398e-12,4.6310164534145616e-14,5.128850722156627e-12,1.0,0.0
2.414592867997222e-13,5.776537961715841e-13,2.0945726649181647e-12,2.3106151846863365e-14,7.082035541063624e-12,1.0,16.0
1.7037639382795704e-13,3.507749284693234e-13,9.287183820425893e-13,3.340713604469746e-14,5.462901921709153e-12,1.0,0.0
1.4884086053781027e-13,1.6178354406283724e-13,7.61461214055754e-13,2.6963924010472876e-14,3.849909070215317e-12,1.0,0.0
1.4284705413726516e-13,2.5562104424563247e-13,8.864035622517665e-13,5.2627862050571385e-14,5.022201692825954e-12,1.0,0.0
1.473580137415999e-13,2.4810277823840797e-13,8.864035622517665e-13,4.510959604334689e-14,5.022201692825954e-12,1.0,19.23
1.0224695243958828e-09,8.879340606595825e-09,4.601112859781472e-09,7.175224732602687e-10,9.166349595899932e-09,1.0,0.0
6.757460996270879e-14,8.800414320724866e-14,3.9098983624934774e-13,2.2001035801812166e-14,2.499631967597317e-12,1.0,15.64
1.1317033590034383e-08,1.0536548514859599e-07,1.775603546022636e-08,1.1707276127621776e-08,1.0770694037412032e-07,0.9999999999999885,10.93
1.1135724800706114e-08,1.0541819478001788e-07,1.4105251414227742e-08,1.0393343147325709e-08,8.656170078415552e-08,0.9999999999999905,9.96
8.021468168554054e-13,1.047849445441746e-12,3.082122679178653e-12,2.8906191598392987e-13,1.7632776875019726e-11,1.0,0.0
6.538823273383315e-13,8.699721951711708e-13,2.803555557987096e-12,2.8063619199070022e-14,1.440505573488264e-11,1.0,0.55
1.6999255637936817e-13,2.5903627638760865e-13,1.2352792430234088e-12,2.4284650911338305e-14,5.328052409947626e-12,1.0,0.0
2.3760163809697323e-13,7.020048398319665e-13,1.8819129744726175e-12,4.050027922107499e-14,8.021755304387586e-12,1.0,0.0
3.0915213138753904e-13,4.185028852844416e-13,1.8819129744726175e-12,2.7000186147383324e-14,8.021755304387586e-12,1.0,15.45
1.5395853329719062e-13,2.8738926215475587e-13,8.491668436525046e-13,2.0527804439625414e-14,4.6577588273510075e-12,1.0,0.0
6.5625e-11,1.375e-10,3.009375e-10,2.1875e-11,6.25e-10,1.0,0.0
1.473580137415999e-13,2.4810277823840797e-13,8.864035622517665e-13,1.5036532014448967e-14,5.022201692825954e-12,1.0,0.0
1.1482558155617787e-13,2.5098487771842154e-13,8.125635416133898e-13,3.7647731657763223e-14,4.345803157694469e-12,1.0,0.0
6.885047467582748e-14,1.2960089350744e-12,1.8819129744726175e-12,9.450065151584163e-14,8.021755304387586e-12,1.0,26.0
1.5752697120340584e-13,1.2530554527543646e-13,7.953918659626514e-13,3.580158436441041e-14,4.174464736890255e-12,1.0,0.0
1.0059940815404656e-12,1.241968001901809e-12,4.313768859938951e-12,2.8979253377708874e-13,1.9660353470105638e-11,1.0,0.0
0.00043547976819381375,0.002437386762278809,9.749547049115235e-05,0.0002274894311460221,0.0002567380722933678,0.9999968711610536,0.0
3.725398657670916e-13,4.3103786121812246e-13,2.027417368658097e-12,3.0788418658437315e-14,8.91016835975176e-12,1.0,8.679999999999998
2.1716380504503328e-13,2.9143194616433035e-13,9.701863498115771e-13,1.880206104286003e-14,6.005378297089493e-12,1.0,0.0
2.3289708186851948e-09,7.354644690584826e-09,7.3371336317977204e-09,1.0506635272264038e-09,1.565488655567342e-08,0.9999999999999998,7.4
1.5866246839931355e-13,2.249691716109669e-13,1.036634261817903e-12,1.7760724074550016e-14,4.1483131196790665e-12,1.0,0.76
1.7865619490864304e-13,4.391548925128656e-13,9.94086983960941e-13,9.980793011656038e-15,6.299876548957291e-12,1.0,0.0
3.7169325071021757e-13,1.5181837000839873e-12,3.4970576264003577e-12,7.852674310779245e-14,1.3624389929201986e-11,1.0,0.0
5.0667901983686646e-14,8.216416537895131e-14,3.689171025514913e-13,8.216416537895131e-15,2.2389735065764236e-12,1.0,0.0
2.0349674518947383e-13,4.414479657549433e-13,1.4869259529453091e-12,6.46021413299917e-14,6.693858544142643e-12,1.0,10.34
2.371061306086874e-13,1.9820017109704527e-13,1.3294092957657368e-12,2.2022241233005023e-14,4.927109438530993e-12,1.0,14.68
5.483613133664545e-13,4.5394148457487956e-13,2.0772362334146486e-12,1.634189344469566e-13,1.0168289254477301e-11,1.0,2.75
3.305494325464212e-09,5.953995989966592e-09,8.150815200057714e-09,1.4371714458540047e-09,1.7779863887279543e-08,0.9999999999999998,1.75
1.859887146993851e-13,1.866322742658189e-13,8.971220356087986e-13,2.5742382657354337e-14,4.434768972295718e-12,1.0,49.59
3.51519365526404e-11,6.759987798584692e-10,7.435986578443163e-12,2.7039951194338768e-11,1.1586619086774164e-09,1.0,0.0
1.4961478103712466e-12,3.2349141845864792e-12,1.2157885810404185e-11,4.717583185855282e-13,2.9033354806663647e-11,1.0,0.0
3.1207151395686967e-09,5.543375576865448e-09,8.150815200057714e-09,1.2318612393034327e-09,1.7779863887279543e-08,0.9999999999999998,31.86
1.0727010214363194e-13,1.69809814204205e-13,6.912501948946785e-13,4.141702785468415e-15,3.117045516343529e-12,1.0,0.0
7.315748166381675e-14,9.14468520797709e-14,4.0304353324047174e-13,2.0321522684393535e-14,2.6536521705370566e-12,1.0,0.0
2.1458704975060483e-13,3.393469623963053e-13,9.94086983960941e-13,3.992317204662415e-14,6.299876548957291e-12,1.0,0.0
2.1559006327895236e-13,9.23957414052653e-13,1.7121210869490828e-12,2.7998709516747062e-14,8.258219371964546e-12,1.0,10.13
2.850529411829604e-11,5.641672794246092e-11,1.3970563419435712e-10,4.453952205983757e-12,3.4458743566961e-10,1.0,0.0
6.219319483575844e-14,1.0219539057518992e-13,3.7987486610949167e-13,2.9198683021482834e-15,2.3566257066638795e-12,1.0,28.19
1.0264156514785059e-13,3.863474643205613e-13,5.189742058037391e-13,4.6131040515887924e-14,4.06183811742393e-12,1.0,2.01
8.037617210486227e-09,1.2807192258467066e-08,1.3557958701204788e-08,1.7665092770299402e-09,3.281290982083114e-08,0.9999999999999992,0.0
8.844859454223298e-14,1.3350731251657809e-13,4.268061897014356e-13,2.5032621096858393e-14,3.1353357923815137e-12,1.0,0.0
2.0760049464244556e-13,3.2936616938464917e-13,9.94086983960941e-13,1.996158602331208e-14,6.299876548957291e-12,1.0,0.0
1.8524899712739085e-13,2.106753300664445e-13,1.503785976681173e-12,5.811733243212263e-14,4.88621472423071e-12,1.0,1.23
1.0314385553116361e-09,3.4979220571438098e-09,4.601112859781472e-09,7.175224732602687e-10,9.166349595899932e-09,1.0,7.19
1.017769243281645e-13,7.590143509219045e-13,1.697432093879896e-12,8.625163078658007e-15,5.605493484819839e-12,1.0,9.71
4.122709725069428e-06,7.349178205558543e-05,3.9434614761533655e-06,5.377447467481862e-06,1.4519108162201029e-05,0.9999999971633442,5.39
1.627071611059667e-13,4.695032509525407e-13,1.2352792430234088e-12,6.475906909690215e-14,5.328052409947626e-12,1.0,9.27
5.052338551134468e-09,7.259107113698949e-09,1.0395041386816893e-08,1.7421857072877474e-09,2.3461434191475e-08,0.9999999999999998,0.0
1.0096490509066217e-13,1.1264679493586275e-13,4.268061897014356e-13,4.172103516143065e-15,3.1353357923815137e-12,1.0,0.0
8.795887582371475e-13,4.015513896300021e-12,4.856859665048597e-12,7.648597897714327e-13,6.68678671207675e-11,1.0,17.85
2.3134188458521897e-13,5.465769800639789e-13,1.810059580490944e-12,1.0168874047701931e-13,7.644451065359924e-12,1.0,0.0
9.904195346778866e-14,1.1182156036685814e-13,4.225257531004854e-13,2.396176293575532e-14,3.027568746932685e-12,1.0,14.29
4.745342809655176e-13,3.584095777685178e-13,1.868030719329515e-12,2.867276622148143e-14,8.416890524315872e-12,1.0,26.43
1.6707010684897864e-09,7.725785287814042e-09,4.625813941078657e-09,4.828615804883775e-10,9.724832231035928e-09,1.0,0.0
3.791709587145948e-14,1.98737881809029e-13,7.225167992609831e-13,2.614972129066171e-15,2.1576135036924972e-12,1.0,3.71
7.515609815582176e-13,1.1562476639357195e-12,3.082122679178653e-12,2.8906191598392987e-13,1.7632776875019726e-11,1.0,0.0
8.937804189897485e-09,1.9674411738768048e-08,1.568331678604653e-08,3.372756298074523e-09,3.979852431727936e-08,0.9999999999999988,0.0
1.3824319466864085e-06,1.7280399333580113e-06,1.3642420526510614e-06,1.8189894035347487e-07,2.3283064365244784e-06,0.9999999999938936,0.0
8.721724500715149e-14,3.7020269463467175e-13,8.125635416133898e-13,1.8823865828881612e-14,4.345803157694469e-12,1.0,11.24
4.2180133562059127e-13,3.3867260524281057e-13,2.027417368658097e-12,9.236525597531197e-14,8.91016835975176e-12,1.0,0.9
1.712115722290745e-13,2.923124403911028e-13,9.287183820425893e-13,1.670356802234873e-14,5.462901921709153e-12,1.0,1.64
1.518953712609942e-12,2.55341356861154e-12,3.692628853068995e-12,3.9283285670946767e-13,2.8369079468702054e-11,1.0,1.19
2.0268419685702765e-13,2.397339962825058e-13,1.503785976681173e-12,1.4529333108030654e-14,4.88621472423071e-12,1.0,2.35
1.1680984269310755e-13,1.5312151663890502e-13,7.139837575848371e-13,4.374900475397286e-15,3.2566759138857403e-12,1.0,5.8
3.872020193931486e-13,5.460541299134148e-13,2.1031357549089403e-12,9.928256907516632e-14,9.44011760956373e-12,1.0,2.51
1.222320250997495e-13,8.527815704633682e-14,7.788738343565432e-13,5.685210469755789e-15,4.01603267583549e-12,1.0,0.0
3.049101770225212e-13,8.176362288872076e-13,2.725454096290693e-12,5.1102264305450484e-14,9.661734771350506e-12,1.0,0.0
9.751962319585767e-13,4.589158738628596e-12,4.856859665048597e-12,1.1472896846571485e-12,6.68678671207675e-11,1.0,24.77
1.729201181661631e-13,2.781758422673059e-13,8.864035622517665e-13,1.5036532014448967e-14,5.022201692825954e-12,1.0,0.0
5.69002635163019e-14,9.483377252716984e-14,4.0304353324047174e-13,2.0321522684393535e-14,2.6536521705370566e-12,1.0,1.01
1.45179898774564e-13,3.5296030436017853e-13,1.1161537171842626e-12,2.6638513536617245e-14,4.5578496661152105e-12,1.0,6.54
1.4362875864707847e-13,2.5577724142630413e-13,8.29636436934038e-13,1.3116781611605342e-14,4.502335288183533e-12,1.0,0.47
1.6434369834226038e-13,7.532419507353599e-13,1.6810990809593717e-12,3.423827048797091e-14,7.0131390716193755e-12,1.0,0.0
4.3477114826168223e-14,9.613030413826144e-14,6.335860954567232e-13,8.739118558023766e-15,1.8686420256694322e-12,1.0,7.8
9.547403421933204e-14,2.1579747460533958e-13,2.857681709167678e-13,4.577522188598112e-14,4.491857130497205e-12,1.0,0.0
1.5745569920539054e-13,2.0433182339630833e-13,1.3365705153923228e-12,6.009759511656128e-15,4.198417994842972e-12,1.0,0.0
1.003057973189591e-13,2.642464553026342e-13,7.61461214055754e-13,1.6178354406283725e-14,3.849909070215317e-12,1.0,35.88
1.2918798215166786e-13,3.6358294378014326e-13,2.537344799146531e-13,6.188645851576903e-14,5.138123218271726e-12,1.0,0.0
2.7100947264675524e-09,8.212408262022885e-09,8.150815200057714e-09,1.0265510327528606e-09,1.7779863887279543e-08,0.9999999999999998,0.95
3.5393430159996253e-14,1.267172190913446e-13,6.335860954567232e-13,4.369559279011883e-15,1.8686420256694322e-12,1.0,9.96
1.0103876704576824e-13,1.0782793321089891e-13,4.225257531004854e-13,2.795539009171453e-14,3.027568746932685e-12,1.0,0.0
1.5972101395692994e-13,1.5091749350261097e-13,5.351282790446747e-13,3.7729373375652736e-14,4.353340864660731e-12,1.0,0.0
1.1192409907472745e-08,1.9126270095048358e-08,1.8205375608990478e-08,2.1251411216720397e-09,4.788651327500996e-08,0.9999999999999984,0.0
1.5215020290531186e-13,2.3088941296915025e-13,1.036634261817903e-12,2.96012067909167e-14,4.1483131196790665e-12,1.0,0.08999999999999998
1.7275444652497736e-13,2.0787879457362418e-13,8.680731732022719e-13,1.4336468591284428e-14,4.834257208981108e-12,1.0,0.0
6.902852860252948e-14,2.3009509534176494e-13,1.0206361014802572e-12,1.2326522964737407e-14,3.097244336939686e-12,1.0,0.0
7.414647620916164e-14,1.6903859861156026e-13,4.164496383975712e-13,2.6892504324566403e-14,2.9351247577098185e-12,1.0,0.0
1.1317033590034383e-08,1.0536548514859599e-07,1.775603546022636e-08,1.1707276127621776e-08,1.0770694037412032e-07,0.9999999999999885,4.61
4.3920347501614137e-14,3.2614119431891684e-13,4.3050637650097024e-13,2.1742746287927792e-14,3.2409737616785158e-12,1.0,3.71
3.3682257007563123e-09,8.710928536438738e-09,1.0395041386816893e-08,8.710928536438737e-10,2.3461434191475e-08,0.9999999999999998,0.0
1.6317686378303619e-09,2.905889355040371e-09,5.398248301863457e-09,6.705898511631625e-10,1.093061457395955e-08,1.0,2.53
1.9469306364761084e-13,2.542633293905365e-13,1.503785976681173e-12,5.811733243212263e-14,4.88621472423071e-12,1.0,0.54
1.237670802231577e-13,8.89200382185793e-13,1.747158588781274e-12,3.604866414266727e-14,7.30826584385675e-12,1.0,0.0
1.6351664946967795e-13,3.8045953094430013e-13,1.2352792430234088e-12,1.6189767274225537e-14,5.328052409947626e-12,1.0,3.09
1.3147346547028055e-13,2.2488882251495362e-13,5.189742058037391e-13,1.7299140193457967e-14,4.06183811742393e-12,1.0,0.0
6.737346732111821e-14,2.493693270976453e-13,4.1255311482996414e-13,2.6249402852383717e-14,3.2566759138857403e-12,1.0,39.35
6.31994450085725e-14,1.281069831254848e-13,7.680725343834622e-13,2.846821847232995e-15,2.309341882475405e-12,1.0,0.0
1.8128998242786728e-12,1.887033274342113e-12,1.2157885810404185e-11,4.717583185855282e-13,2.9033354806663647e-11,1.0,86.45
1.1769274545385238e-13,3.968708858327581e-13,8.491668436525046e-13,2.0527804439625414e-14,4.6577588273510075e-12,1.0,0.0
1.3076502097681667e-09,3.688244181397394e-09,5.398248301863457e-09,6.705898511631625e-10,1.093061457395955e-08,1.0,8.31
5.6329437321883716e-14,1.4652165777368599e-13,3.972364944086598e-13,1.3024147357660976e-14,2.5712922920862182e-12,1.0,3.94
1.4775391970639862e-13,2.475458340630762e-13,2.537344799146531e-13,6.188645851576903e-14,5.138123218271726e-12,1.0,5.44
7.468884472214994e-10,4.06639265709483e-09,4.331952993884697e-09,2.4896281574049985e-10,8.614113424621292e-09,1.0,0.0
1.1974678388128817e-11,1.4540680899870707e-11,2.1169520721870592e-11,3.849003767612834e-12,1.2731649129092674e-10,1.0,0.0
1.4182884040100475e-13,2.0423353017744686e-13,1.2878058708411233e-12,5.1058382544361716e-14,4.0092176604556025e-12,1.0,0.0
1.0871001904656434e-13,2.1932723140973507e-13,4.2053612631170946e-13,1.4303949874547938e-14,3.4887333744022434e-12,1.0,4.95
1.3772279065850618e-13,2.8409185517001273e-13,4.755450619150216e-13,1.2351819790000558e-14,4.291022195046193e-12,1.0,0.0
1.1733543033336208e-13,2.6980874354730316e-13,8.125635416133898e-13,3.7647731657763223e-14,4.345803157694469e-12,1.0,103.39
1.1652682041975872e-13,2.7807536691078785e-13,5.356261234067319e-13,2.6483368277217887e-14,4.536600985887424e-12,1.0,0.0
9.256438802199825e-14,2.0395543123491149e-13,3.9535975900921295e-13,3.1377758651524836e-14,3.756440673231715e-12,1.0,0.0
1.5195346450773471e-13,5.065115483591156e-13,1.3294092957657368e-12,2.9362988310673366e-14,4.927109438530993e-12,1.0,0.0
5.985300092928869e-14,3.433427960284777e-13,3.8463672690217305e-13,1.8559070055593393e-14,3.413476959975014e-12,1.0,0.0
4.932967003664346e-10,5.291728240294481e-09,4.601112859781472e-09,1.7938061831506716e-10,9.166349595899932e-09,1.0,0.0
1.7338871256550042e-13,2.9153854325172623e-13,5.431823384795322e-13,1.534413385535401e-14,5.104226126983513e-12,1.0,11.32
1.652683865705435e-13,1.6226350681471544e-13,1.3365705153923228e-12,4.807807609324902e-14,4.198417994842972e-12,1.0,746.2799999999999
4.309681231437507e-12,7.594151949669613e-12,2.3105207306869807e-11,3.7970759748348083e-13,6.648680031935747e-11,1.0,3.19
2.566833218391141e-12,5.6313177750417886e-12,1.9356017840725032e-11,1.0476870279147513e-12,4.939844336618052e-11,1.0,0.0
1.1575845611159368e-13,1.1337168382063299e-13,7.953918659626514e-13,2.386772290960694e-14,4.174464736890255e-12,1.0,31.72
1.974406931472989e-13,4.907485436609164e-13,1.6810990809593717e-12,5.706378414661817e-14,7.0131390716193755e-12,1.0,0.0
8.76722686909522e-14,2.986637724636833e-13,3.8874461996482657e-13,2.890294572229193e-14,3.517488494402929e-12,1.0,0.0
1.5173414825076124e-11,1.2883088059026895e-10,1.0163325024343442e-10,8.5887253726846e-12,3.3467399868894316e-10,1.0,0.0
1.1104244415501878e-13,1.8994102289674265e-13,7.271331979098381e-13,2.92216958302681e-14,3.548487930322223e-12,1.0,0.0
4.902954116850735e-07,1.9281280234806267e-06,9.530461373204239e-07,1.652681162983394e-07,1.559029230414335e-06,0.999999999996338,0.0
9.044982455777959e-14,1.5219922401549455e-13,4.3050637650097024e-13,1.7394197030342232e-14,3.2409737616785158e-12,1.0,13.06
8.538967413371086e-08,1.733474587676837e-07,1.32257690763492e-07,3.852165750392971e-08,2.792820169034904e-07,0.9999999999999328,6.61
6.877582430662514e-14,4.048899334180352e-13,5.091629573667893e-13,5.546437444082674e-15,3.93741594155429e-12,1.0,30.32
1.2723278163257184e-13,3.148027586785282e-13,8.29636436934038e-13,4.590873564061869e-14,4.502335288183533e-12,1.0,0.0
7.566475708198871e-14,2.478673076823768e-13,4.3050637650097024e-13,1.3045647772756674e-14,3.2409737616785158e-12,1.0,0.0
1.265285129922388e-12,1.6762324370766673e-12,5.201727756347596e-12,5.407201409924735e-14,2.4343220747481154e-11,1.0,0.0
1.4638121352688023e-13,1.381920547281736e-13,7.44189805832461e-13,1.023644849838323e-14,3.692286973366831e-12,1.0,1.61
1.4117897896506727e-13,1.764737237063341e-13,1.2358508348040547e-12,3.743382018013148e-14,3.824132115830288e-12,1.0,0.0
2.9169158456405656e-13,4.785565059254055e-13,1.663553568216885e-12,1.139420252203346e-14,7.004016290293969e-12,1.0,0.0
5.9535710989434224e-12,1.3891665897534653e-11,1.5975415782164845e-11,2.9767855494717112e-12,1.0365828791160381e-10,1.0,0.36
1.2639340080843672e-13,2.955467581092798e-13,5.351282790446747e-13,4.4017602271594865e-14,4.353340864660731e-12,1.0,26.13
7.618348717940244e-05,0.0011211909433949795,5.318469859694134e-05,2.87484857280764e-05,0.00013368045863555527,0.9999993578004898,0.0
7.780060352913141e-14,1.2905313381609478e-13,4.118638584930797e-13,2.2123394368473394e-14,2.840275113672509e-12,1.0,5.65
7.22697549370131e-14,1.6592545776355042e-13,4.118638584930797e-13,2.2123394368473394e-14,2.840275113672509e-12,1.0,20.03
4.5014203697752497e-14,1.0758111575563489e-13,3.745521477492237e-13,1.1324327974277358e-14,2.2991216869776607e-12,1.0,1.75
4.936192837315285e-09,7.839835682794867e-09,1.0395041386816893e-08,1.1614571381918317e-09,2.3461434191475e-08,0.9999999999999998,28.66
1.8826261500444255e-13,3.3083806820864394e-13,1.382430499300405e-12,4.7262581172663415e-14,5.2130627033447754e-12,1.0,0.0
1.70741064308265e-09,8.908229442170347e-09,6.532701590924922e-09,1.0392934349198738e-09,1.3718673340942335e-08,1.0,8.24
4.936192837315285e-09,7.839835682794867e-09,1.0395041386816893e-08,1.1614571381918317e-09,2.3461434191475e-08,0.9999999999999998,28.66
2.8286774343260908e-12,2.9118738294533288e-12,8.870815630441749e-12,4.159819756361898e-13,4.107822009407375e-11,1.0,1.76
1.4801590444656638e-09,6.2735217778677126e-09,4.910991266737069e-09,4.901188888959152e-10,9.841587289029978e-09,0.9999999999999998,13.99
1.2687774703286717e-13,1.7920585739105535e-13,8.680731732022719e-13,2.8672937182568857e-14,4.834257208981108e-12,1.0,154.88
1.4903102483382834e-13,2.5152915583768495e-13,1.074658318316509e-12,4.4017602271594865e-14,4.353340864660731e-12,1.0,1.38
1.473580137415999e-13,2.4810277823840797e-13,8.864035622517665e-13,1.5036532014448967e-14,5.022201692825954e-12,1.0,0.0
3.1995220584649235e-13,4.3200297835813324e-13,1.8819129744726175e-12,9.450065151584163e-14,8.021755304387586e-12,1.0,0.0
1.1563996500988984e-13,4.105560887925083e-13,8.491668436525046e-13,2.7370405919500557e-14,4.6577588273510075e-12,1.0,29.48
8.793473624687801e-12,1.0620137227883819e-11,3.9634352134462404e-11,2.5488329346921167e-12,1.266345163052867e-10,1.0,0.0
4.688100542936736e-12,2.7638801708358376e-11,5.25836948957755e-11,6.997164989457816e-13,1.0842107151164887e-10,1.0,37.02
9.718918324778495e-14,2.2088450738132942e-13,2.934608455209091e-13,1.2621971850361681e-14,4.365940063040106e-12,1.0,0.0
6.724334927011979e-09,6.438193015224233e-09,1.1910657078164834e-08,1.0730321692040394e-09,2.771999770443768e-08,0.9999999999999994,0.0
1.3863961458549447e-13,3.9253384852519523e-13,9.287183820425893e-13,5.011070406704619e-14,5.462901921709153e-12,1.0,2.29
8.718812549125828e-14,2.0998187291088385e-13,4.167683694948629e-13,4.5648233241496475e-15,3.3692960955548558e-12,1.0,0.33
1.219060431003802e-13,2.5291710186800863e-13,1.1892162129833767e-12,2.5291710186800865e-14,3.6576871272151415e-12,1.0,0.0
3.5139968772814085e-12,5.580166714996227e-12,9.139408187264093e-12,6.032612664860786e-13,5.530397660511128e-11,1.0,0.0
9.096545994727534e-13,1.0880182464281953e-11,4.958509385361284e-12,1.426909175643535e-12,6.324774921039968e-11,1.0,11.19
8.027095185918572e-14,5.788770566768202e-13,1.568370905556398e-12,3.0873443022763734e-14,5.128850722156627e-12,1.0,0.0
3.8665021458607427e-13,3.401089850525653e-13,2.169537315177417e-12,1.790047289750344e-14,1.0052905579237934e-11,1.0,0.0
1.0054769473904788e-13,1.1264679493586275e-13,4.268061897014356e-13,2.0860517580715327e-14,3.1353357923815137e-12,1.0,0.0
7.837244117445066e-14,1.5751323961531747e-13,4.164496383975712e-13,7.683572664161827e-15,2.9351247577098185e-12,1.0,1.47
1.3969372416359685e-13,2.7545241384371217e-13,8.29636436934038e-13,3.935034483481602e-14,4.502335288183533e-12,1.0,0.0
9.149164280676664e-13,2.0285477364396213e-12,4.313768859938951e-12,2.8979253377708874e-13,1.9660353470105638e-11,1.0,0.0
1.262054508930147e-13,2.834274956495669e-13,1.2358508348040547e-12,1.0695377194323277e-14,3.824132115830288e-12,1.0,6.43
1.8220444433357765e-13,2.733066665003665e-13,1.1941982955696573e-12,6.073481477785923e-14,5.061487626549844e-12,1.0,0.24
1.3782899866609786e-13,1.2662734859782844e-13,7.271331979098381e-13,1.9481130553512062e-14,3.548487930322223e-12,1.0,64.1
3.125024493831388e-13,6.311625824979651e-13,2.027417368658097e-12,9.236525597531197e-14,8.91016835975176e-12,1.0,1.9
1.3863961458549447e-13,3.9253384852519523e-13,9.287183820425893e-13,8.351784011174364e-15,5.462901921709153e-12,1.0,0.0
4.413537125128961e-09,7.839835682794867e-09,1.0395041386816893e-08,8.710928536438737e-10,2.3461434191475e-08,0.9999999999999998,0.0
2.0040239522034573e-13,4.624670658931055e-13,1.3294092957657368e-12,5.13852295436784e-14,4.927109438530993e-12,1.0,10.82
2.2179280697735118e-08,6.961380073011753e-08,3.1569049168309115e-08,6.475702393499305e-09,9.276443678687753e-08,0.9999999999999922,0.0
1.56913957042516e-13,1.655210517326118e-13,5.356261234067319e-13,5.2966736554435774e-14,4.536600985887424e-12,1.0,1.12
1.7930555513017083e-12,3.1342027929257488e-12,3.731887976692986e-12,2.1866531113435463e-13,3.091198615069326e-11,1.0,1.43
4.3845006966741646e-09,7.839835682794867e-09,1.0395041386816893e-08,1.4518214227397895e-09,2.3461434191475e-08,0.9999999999999998,0.0
8.610127530019405e-14,2.0438181510652123e-13,4.3050637650097024e-13,3.04398448030989e-14,3.2409737616785158e-12,1.0,1.72
9.650801152703852e-14,3.1060049686862973e-13,5.091629573667893e-13,2.218574977633069e-14,3.93741594155429e-12,1.0,0.0
4.642974469453716e-14,7.643921382637217e-14,3.745521477492237e-13,1.1324327974277358e-14,2.2991216869776607e-12,1.0,0.0
1.3615929616224367e-13,2.384356338325005e-13,8.125635416133898e-13,6.274621942960539e-15,4.345803157694469e-12,1.0,0.43
1.179628925276581e-13,2.5098487771842154e-13,8.125635416133898e-13,6.274621942960539e-15,4.345803157694469e-12,1.0,212.88
6.05048241193351e-13,6.841534882751673e-13,2.0930820781918394e-12,4.275959301719795e-14,1.158784970766064e-11,1.0,8.849999999999998
1.3499953496327928e-12,1.5986787035125181e-12,5.4532706886482546e-12,5.328929011708393e-13,2.6176883511958677e-11,1.0,1.63
8.687683634378671e-14,1.085960454297334e-13,4.352891487641815e-13,1.809934090495557e-14,3.345663166281037e-12,1.0,3.78
3.420726051797822e-14,1.0341729924039928e-13,3.63021237590017e-13,7.9551768646461e-15,2.1818398414102696e-12,1.0,2.18
1.4909680634696422e-07,6.577800280013127e-07,2.207217427293294e-07,8.770400373350838e-08,5.393796229610765e-07,0.9999999999995988,3.18
2.1788614801556995e-13,2.1257185172250725e-13,1.1941982955696573e-12,6.073481477785923e-14,5.061487626549844e-12,1.0,0.0
6.014928702425464e-14,1.0803512717948649e-13,3.7987486610949167e-13,1.7519209812889698e-14,2.3566257066638795e-12,1.0,0.0
1.9062836912300765e-13,1.8447906689323328e-13,1.4491855588168435e-12,1.3665116066165423e-14,4.65228876472602e-12,1.0,0.0
1.0774243811428646e-09,5.097491695729681e-09,3.1743471014316654e-09,6.951125039631385e-10,1.1249237355803455e-08,1.0,0.0
8.219043926801837e-14,1.460236230650073e-13,4.268061897014356e-13,2.5032621096858393e-14,3.1353357923815137e-12,1.0,0.0
6.876445836257422e-12,2.2120035557191708e-11,4.3037895268883854e-11,2.885222029198919e-12,1.3983709434850755e-10,1.0,0.9
1.546122774688539e-13,4.2902883276697677e-13,1.2352792430234088e-12,3.2379534548451075e-14,5.328052409947626e-12,1.0,4.4
9.8507139326939e-14,2.6921205778790783e-13,2.967451091525802e-13,4.282919101171261e-14,4.259057123321879e-12,1.0,49.37
1.9378704431804433e-13,3.730173153539821e-13,1.765918558785559e-12,7.27838664105331e-14,5.850003262746598e-12,1.0,0.0
2.9687223347978398e-09,3.469470680426391e-08,1.1910657078164827e-08,2.8614191178774364e-09,2.7719997704437662e-08,0.999999999999999,0.0
5.86269950764545e-14,1.9542331692151495e-13,4.118638584930797e-13,1.474892957898226e-14,2.840275113672509e-12,1.0,2.93
1.3000631005872534e-13,1.5146366220434022e-13,2.934608455209091e-13,1.8932957775542524e-14,4.365940063040106e-12,1.0,0.0
4.0365574786155125e-13,1.0825313238105235e-11,4.898912939956097e-12,7.339195415664565e-13,6.469500758908316e-11,1.0,9.27
7.843101078609876e-13,5.602215056149914e-12,1.1397395297567208e-11,4.3572783770054886e-13,2.7245439223075738e-11,1.0,0.0
6.887971235487161e-10,5.975107577771995e-09,4.331952993884697e-09,8.298760524683326e-11,8.614113424621292e-09,1.0,0.0
2.992146778728972e-13,4.891009157537743e-13,1.9520880666996227e-12,1.1508256841265278e-13,8.439867860962924e-12,1.0,6.96
2.386115526857224e-08,3.061431242005495e-07,2.070968193121364e-08,2.7012628605930848e-08,2.1024829264949504e-07,0.9999999999999302,0.0
1.8791939339868666e-13,1.9306786993015756e-13,8.971220356087986e-13,1.2871191328677168e-14,4.434768972295718e-12,1.0,1.95
9.43749769807366e-13,1.1287987442793984e-11,4.885292926061659e-12,7.4019589788813e-13,6.513723901415544e-11,1.0,5.38
1.0263503063005038e-12,4.02137254515402e-12,5.329819134472791e-12,4.801638859885396e-13,2.6463032166543395e-11,1.0,6.57
1.0107131448635498e-13,3.422520702183449e-13,1.2358508348040547e-12,1.0695377194323277e-14,3.824132115830288e-12,1.0,0.0
4.7172189161844807e-08,2.016230665788528e-07,5.934565733264347e-08,1.9021044016872906e-08,1.837432852029923e-07,0.9999999999999598,6.38
4.0587974584323404e-13,3.713932314905409e-13,1.7972779595345822e-12,2.652808796361007e-14,7.909349426350342e-12,1.0,2.07
2.4786630491273463e-13,4.957326098254693e-13,1.810059580490944e-12,1.2711092559627414e-14,7.644451065359924e-12,1.0,0.0
1.2798931255677688e-13,1.882195772893777e-13,4.5226475571533336e-13,1.613310662480381e-14,3.841292687365787e-12,1.0,5.18
1.2953751525640778e-13,3.710055048605853e-13,1.074658318316509e-12,1.8864686687826368e-14,4.353340864660731e-12,1.0,0.0
1.047392982337412e-13,2.0622245248094117e-13,3.9724956635802364e-13,3.798834650964705e-14,3.8693844373397644e-12,1.0,0.0
5.991107784524047e-14,1.3675354725544023e-13,3.972364944086598e-13,1.9536221036491462e-14,2.5712922920862182e-12,1.0,1.09
8.503053801090349e-14,3.122590378931484e-13,1.1443092742484299e-12,3.36278963884929e-14,3.5097915859189887e-12,1.0,0.0
1.4440434593179704e-13,1.535006826834063e-13,7.788738343565432e-13,5.685210469755789e-15,4.01603267583549e-12,1.0,0.0
2.352342556754795e-13,6.66901240317081e-13,1.5969253336319925e-12,7.27528625800452e-14,7.36137714539091e-12,1.0,0.17
1.618097118330745e-13,1.7896004995363079e-13,2.6396607368160546e-13,4.474001248840769e-14,4.989257059332265e-12,1.0,0.0
1.0727010214363194e-13,1.69809814204205e-13,6.912501948946785e-13,8.28340557093683e-15,3.117045516343529e-12,1.0,0.0
3.0592869563602546e-07,8.803703471540301e-07,2.04686105713312e-07,4.4018517357701504e-08,7.483147950809255e-07,0.9999999999992638,0.0
1.9417754293954216e-13,4.432313480141723e-13,1.0225980386326978e-12,4.2212509334683075e-14,6.587262081677296e-12,1.0,0.0
1.7646846328905839e-13,4.5331348367831516e-13,1.2352792430234088e-12,1.6189767274225537e-14,5.328052409947626e-12,1.0,0.52
1.1825237777092046e-13,9.664857798584844e-14,7.788738343565432e-13,2.274084187902316e-14,4.01603267583549e-12,1.0,0.0
1.5360353600786376e-13,1.7214189380191628e-13,5.356261234067319e-13,5.2966736554435774e-14,4.536600985887424e-12,1.0,23.41
7.602333349729503e-07,1.3221449303877397e-06,9.530461373211624e-07,3.305362325969349e-07,1.5590292304155429e-06,0.9999999999971128,0.0
4.155252751802148e-13,6.16178164715908e-13,2.5926881238430882e-12,9.47966407255243e-14,9.097317621626145e-12,1.0,7.02
5.300923825422102e-14,2.7251228116606583e-13,9.467001986810176e-13,2.9864359579842827e-14,2.868471737643904e-12,1.0,0.0
1.3071632381511729e-13,3.2861645651845125e-13,5.360099535212072e-13,2.1907763767896753e-14,4.906608825216609e-12,1.0,0.0
9.128636577151662e-10,3.81742984135433e-09,4.331952993884697e-09,3.3195042098733305e-10,8.614113424621292e-09,1.0,36.85
8.500298502508691e-13,1.5825023807861923e-12,3.4046408363771516e-12,9.042870747349672e-14,2.1097017453566786e-11,1.0,0.0
1.6934018964602176e-08,1.0395140354508265e-07,1.5089719869447485e-08,6.706542164198881e-09,9.540056228572909e-08,0.9999999999999898,51.78
1.171143802778399e-13,2.246029210807889e-13,1.2358508348040547e-12,1.0695377194323277e-14,3.824132115830288e-12,1.0,174.63
3.054487106016393e-09,7.933732742899722e-09,4.2643813493086e-09,7.933732742899723e-10,1.7295537379521397e-08,0.9999999999999998,0.0
1.3772620692185609e-13,2.7545241384371217e-13,8.29636436934038e-13,6.558390805802671e-15,4.502335288183533e-12,1.0,7.3
4.3505714034343207e-13,9.59356771013722e-13,2.474248044312135e-12,1.5617435807200128e-13,1.1989728575413354e-11,1.0,0.0
9.449184280989774e-14,2.0998187291088385e-13,4.167683694948629e-13,3.6518586593197186e-14,3.3692960955548558e-12,1.0,30.18
1.1779128642846005e-13,2.884684565594941e-13,5.288588370257391e-13,2.403903804662451e-14,4.198417994842972e-12,1.0,0.0
5.486566866297648e-06,7.037118371990461e-05,4.293834938841638e-06,2.385463854912021e-06,1.8248798490076958e-05,0.9999999973303239,6.84
1.099652304499323e-09,6.839300918227496e-09,3.513523216814909e-09,9.38727577011617e-10,1.264600150174221e-08,1.0,0.0
8.423124025903894e-14,2.3831277731825647e-13,1.0206361014802572e-12,3.697956889421222e-14,3.097244336939686e-12,1.0,42.87
3.0185223455127184e-09,1.3145177956265064e-08,9.152938725103085e-09,1.4605753284738962e-09,2.037502583221085e-08,0.9999999999999998,12.1
7.349832798667442e-14,2.0562032234367243e-13,4.1255311482996414e-13,2.6249402852383717e-14,3.2566759138857403e-12,1.0,12.64
1.4961336941846683e-13,3.132929530557638e-13,1.391915834290608e-12,2.557493494332766e-14,4.41167627772402e-12,1.0,6.43
1.4744867369167806e-13,1.1058650526875851e-12,1.810059580490944e-12,3.813327767888225e-14,7.644451065359924e-12,1.0,0.0
4.3236532485595075e-07,1.789097895955658e-06,7.044572965325403e-07,1.8636436416204768e-07,1.140549908671732e-06,0.99999999999739,0.0
5.5661430497095147e-14,2.783071524854757e-13,4.3050637650097024e-13,2.1742746287927792e-14,3.2409737616785158e-12,1.0,1.64
5.920619254331885e-10,4.925116901833604e-09,1.4670560984185201e-09,3.143691639468257e-10,5.962535142858127e-09,1.0,0.0
1.0387437054328237e-12,1.8143994854721808e-12,4.5450707111078136e-12,1.8143994854721806e-13,2.115136200189195e-11,1.0,2.64
8.490774550433976e-14,2.0878953812542563e-13,3.8463672690217305e-13,9.279535027796697e-15,3.413476959975014e-12,1.0,4.88
3.608661538111316e-14,2.0135285393809522e-13,7.225167992609831e-13,1.0459888516264684e-14,2.1576135036924972e-12,1.0,0.0
3.6069782517793847e-13,6.187703277111081e-13,1.7687776197010203e-12,1.2073567369972835e-13,8.76993749836402e-12,1.0,8.019999999999998
2.1998411420146227e-13,2.068226714714603e-13,9.701863498115771e-13,7.520824417144011e-14,6.005378297089493e-12,1.0,0.0
3.4219534493137677e-13,2.2179327912218873e-13,1.6053608774558417e-12,4.2246338880416897e-14,6.591485023817047e-12,1.0,0.0
1.0264156514785059e-13,3.6904832412710334e-13,5.189742058037391e-13,2.3065520257943962e-14,4.06183811742393e-12,1.0,0.0
9.550121861162035e-08,3.4960267527468164e-07,1.5774754859955149e-07,2.558068355668403e-08,3.5045536472657114e-07,0.9999999999998604,5.55
3.186601331148263e-13,6.927394198148397e-13,2.027417368658097e-12,1.2315367463374929e-13,8.91016835975176e-12,1.0,2.55
6.1520511034364904e-09,9.299612133101671e-09,1.1910657078164834e-08,1.4307095589387188e-09,2.771999770443768e-08,0.9999999999999994,0.0
1.021763419570908e-13,2.7964051482993267e-13,4.5226475571533336e-13,5.377702208267935e-15,3.841292687365787e-12,1.0,0.0
1.0407839922793326e-08,3.0870711635403925e-08,2.1080285945318682e-08,3.5280813297604485e-09,5.706671550887525e-08,0.9999999999999976,0.0
5.788954859750537e-14,1.8804885213202388e-13,4.118638584930797e-13,2.949785915796452e-14,2.840275113672509e-12,1.0,0.0
1.2199811808661936e-13,2.524098994895573e-13,1.3365705153923228e-12,3.004879755828063e-14,4.198417994842972e-12,1.0,0.0
2.8073974493938997e-13,3.812515054732456e-13,2.0945726649181647e-12,5.776537961715841e-14,7.082035541063624e-12,1.0,3.63
1.2988467421928314e-13,2.3216101188953987e-13,8.125635416133898e-13,4.392235360072377e-14,4.345803157694469e-12,1.0,17.2
8.795887582371475e-13,4.015513896300021e-12,4.856859665048597e-12,7.648597897714327e-13,6.68678671207675e-11,1.0,9.77
7.823007785294597e-13,1.3232948492538125e-12,3.183691725557702e-12,3.1136349394207357e-13,1.871294598591862e-11,1.0,58.3
1.533529903932311e-13,3.7897578085683547e-13,9.544901643440766e-13,1.762678050496909e-14,5.70314483238275e-12,1.0,1.07
7.268584282447307e-12,2.3206925721066696e-11,2.246255263190041e-11,4.3786652303899437e-13,1.2973985077645403e-10,1.0,0.71
6.915215397745647e-14,1.9593110293612664e-13,4.164496383975712e-13,7.683572664161827e-15,2.9351247577098185e-12,1.0,0.0
1.635381753690158e-13,2.1896324735600446e-13,8.491668436525046e-13,6.8426014798751384e-15,4.6577588273510075e-12,1.0,5.33
9.044982455777959e-14,1.5219922401549455e-13,4.3050637650097024e-13,1.7394197030342232e-14,3.2409737616785158e-12,1.0,1.26
1.2348284654161567e-08,3.4398792965164367e-08,2.1080285945318672e-08,3.528081329760448e-09,5.706671550887524e-08,0.9999999999999976,0.0
2.3823159217171322e-11,4.8618692279941465e-11,5.941204196608847e-11,8.751364610389464e-12,2.456216333982643e-10,1.0,70.32
1.349582489002742e-12,2.112389982786901e-12,3.655608220211776e-12,3.5206499713115015e-13,2.598826453823107e-11,1.0,0.0
3.4645007805221527e-13,6.799487513174321e-13,1.819672372573318e-12,3.237851196749676e-14,9.276443678687822e-12,1.0,4.25
6.750675353823128e-14,2.759400144628432e-13,2.6263576376552753e-13,2.956500154959034e-14,3.58179993773287e-12,1.0,4.42
1.4544417622795946e-13,2.664076495264604e-13,2.7288783559602286e-13,5.76016539516671e-14,4.851499304079161e-12,1.0,13.7
1.59719799347043e-13,3.558114341889572e-13,9.037610428399512e-13,7.906920759754604e-15,5.22884669842572e-12,1.0,0.0
8.382035616021434e-14,2.3009509534176494e-13,1.0206361014802572e-12,3.2870727905966415e-14,3.097244336939686e-12,1.0,0.0
2.0547738561320358e-13,5.166975193782311e-13,1.747158588781274e-12,3.604866414266727e-14,7.30826584385675e-12,1.0,0.0
8.738992877338355e-14,2.9406089776825744e-13,6.912501948946785e-13,2.0708513927342077e-14,3.117045516343529e-12,1.0,2.17
1.0107131448635498e-13,3.422520702183449e-13,1.2358508348040547e-12,4.278150877729311e-14,3.824132115830288e-12,1.0,3.32
7.662150153116568e-14,3.0234430333919425e-13,6.912501948946785e-13,4.141702785468415e-15,3.117045516343529e-12,1.0,0.0
1.5090417629091802e-12,3.805990286983331e-12,6.937585803816984e-12,4.674023159453214e-13,2.8818691366000096e-11,1.0,278.53
5.776901648712657e-14,1.1933505753209246e-13,7.425895170974301e-13,2.1697283187653177e-14,2.22153058237584e-12,1.0,12.18
5.052338551134468e-09,6.968742829150991e-09,1.0395041386816893e-08,2.3229142763836634e-09,2.3461434191475e-08,0.9999999999999998,0.0
1.6392905869621258e-13,4.4948290287671195e-13,9.544901643440766e-13,8.813390252484545e-15,5.70314483238275e-12,1.0,0.0
4.390319326907311e-14,1.0183730397465412e-13,6.49948304478237e-13,1.584135839605731e-14,1.922009383681639e-12,1.0,0.0
1.9184874219957267e-13,1.9427720729070651e-13,1.2352792430234088e-12,1.6189767274225537e-14,5.328052409947626e-12,1.0,0.0
8.862013332402677e-13,1.627716734522941e-12,3.4046408363771516e-12,1.356430612102451e-13,2.1097017453566786e-11,1.0,0.0
6.41439257364803e-14,1.2698543673719452e-13,3.972364944086598e-13,1.9536221036491462e-14,2.5712922920862182e-12,1.0,0.0
1.0473930149371923e-12,1.6145584024723522e-12,4.313768859938951e-12,3.7259040057054274e-13,1.9660353470105638e-11,1.0,8.0
8.709160576749562e-14,3.1554929625904206e-13,2.934608455209091e-13,2.5243943700723362e-14,4.365940063040106e-12,1.0,0.0
8.382035616021434e-14,2.3009509534176494e-13,1.0206361014802572e-12,8.217681976491604e-15,3.097244336939686e-12,1.0,0.0
5.69002635163019e-14,9.483377252716984e-14,4.0304353324047174e-13,3.3869204473989222e-15,2.6536521705370566e-12,1.0,7.21
3.229679271467733e-13,6.64046205348506e-13,1.7687776197010203e-12,6.036783684986417e-14,8.76993749836402e-12,1.0,0.68
1.5328446428972345e-13,3.922919939168276e-13,1.503785976681173e-12,5.811733243212263e-14,4.88621472423071e-12,1.0,0.0
8.278183819497536e-09,1.8395964043327856e-08,1.1681437167513189e-08,1.8395964043327857e-09,3.389456374983157e-08,0.9999999999999992,38.48
8.749028773120146e-08,5.137044417244856e-07,1.9986313435843266e-07,4.815979141167052e-08,3.339078871209156e-07,0.9999999999997874,3.35
1.463022781912435e-13,4.759230736341656e-13,9.544901643440766e-13,3.525356100993819e-14,5.70314483238275e-12,1.0,0.0
2.0560355099360274e-08,8.418413111549087e-08,3.156904916830909e-08,6.4757023934993e-09,9.276443678687744e-08,0.9999999999999916,0.0
1.3218447925373645e-13,1.928872229453665e-13,1.2878058708411233e-12,3.403892169624114e-14,4.0092176604556025e-12,1.0,28.74
3.5175117087782924e-13,4.0445256581771296e-13,1.7317923500012985e-12,4.902455343245004e-14,7.424768617344562e-12,1.0,0.0
8.695491736561946e-13,1.032589643716731e-11,4.9274453173851034e-12,7.24624311380162e-13,6.403867351822184e-11,1.0,8.98
1.2460077414176707e-06,3.001332515823586e-06,1.3278622645764959e-06,5.456968210588341e-07,2.3283064365176916e-06,0.9999999999909788,61.13
1.163998499386377e-13,1.7656157013164146e-13,2.857681709167678e-13,4.577522188598112e-14,4.491857130497205e-12,1.0,0.0
1.3218447925373645e-13,1.928872229453665e-13,1.2878058708411233e-12,3.971207531228134e-14,4.0092176604556025e-12,1.0,0.0
1.7037639382795704e-13,3.507749284693234e-13,9.287183820425893e-13,3.340713604469746e-14,5.462901921709153e-12,1.0,0.0
2.519748332102396e-13,3.4622496166292457e-13,1.8407627128412155e-12,7.693888036953878e-14,6.115679253373715e-12,1.0,185.76
1.0107131448635498e-13,3.422520702183449e-13,1.2358508348040547e-12,4.278150877729311e-14,3.824132115830288e-12,1.0,0.0
1.1448328722893842e-13,3.312095102220859e-13,2.7288783559602286e-13,2.1600620231875168e-14,4.851499304079161e-12,1.0,0.0
7.741600545187944e-13,2.1941434700265295e-12,4.313768859938951e-12,8.279786679345393e-14,1.9660353470105638e-11,1.0,0.0
1.5457037232558683e-13,1.2283738198059878e-13,7.44189805832461e-13,3.070934549514969e-14,3.692286973366831e-12,1.0,0.0
1.0279005842811027e-13,2.75330513646724e-13,2.967451091525802e-13,4.282919101171261e-14,4.259057123321879e-12,1.0,6.83
3.608661538111316e-14,2.0135285393809522e-13,7.225167992609831e-13,1.8304804903463195e-14,2.1576135036924972e-12,1.0,11.06
4.2038486176078025e-14,1.9527554868887852e-13,7.425895170974301e-13,1.898512278919653e-14,2.22153058237584e-12,1.0,1.94
1.2759457046243139e-13,4.0142112055596404e-13,8.680731732022719e-13,5.734587436513771e-14,4.834257208981108e-12,1.0,1.95
4.386184494451362e-12,5.129006062060061e-12,1.2132752270942073e-11,1.5917605020186395e-12,6.282148114633562e-11,1.0,1.36
1.3261340642330678e-13,3.196930333419003e-13,1.036634261817903e-12,1.1840482716366678e-14,4.1483131196790665e-12,1.0,2.87
2.582007563555747e-07,1.995187662747622e-06,2.5526665685153406e-07,2.0538696528284346e-07,9.418459407970394e-07,0.9999999999974792,13.05
6.212009937372594e-14,4.3262212063844843e-13,5.091629573667893e-13,3.3278624664496037e-14,3.93741594155429e-12,1.0,0.0
1.167843145895704e-13,2.0975823494243227e-13,3.9513916149966287e-13,3.4014848909583606e-14,4.006949201548949e-12,1.0,0.0
8.376886138010188e-14,2.0942215345025473e-13,7.271331979098381e-13,1.461084791513405e-14,3.548487930322223e-12,1.0,0.0
1.1043334619610546e-13,2.886326093761849e-13,8.125635416133898e-13,1.2549243885921074e-14,4.345803157694469e-12,1.0,7.04
2.5679335770480454e-13,2.0480451841487483e-13,1.382430499300405e-12,3.150838744844227e-14,5.2130627033447754e-12,1.0,2.77
2.2297436532223155e-13,7.047376313293326e-13,2.0945726649181647e-12,8.087153146402179e-14,7.082035541063624e-12,1.0,0.0
1.0018541882007926e-12,1.3247658686952634e-12,4.313768859938951e-12,2.8979253377708874e-13,1.9660353470105638e-11,1.0,0.0
9.756028060135948e-14,2.0999522281906974e-13,4.1255311482996414e-13,4.374900475397286e-15,3.2566759138857403e-12,1.0,0.72
1.3850513466648643e-13,1.7112603510917245e-13,1.2358508348040547e-12,5.3476885971616384e-15,3.824132115830288e-12,1.0,0.0
5.483613133664545e-13,3.99468506425894e-13,2.0772362334146486e-12,7.263063753198074e-14,1.0168289254477301e-11,1.0,0.0
1.7672262772770047e-13,2.0447246183370308e-13,5.360099535212072e-13,5.842070338105801e-14,4.906608825216609e-12,1.0,0.96
1.97598728645311e-12,3.3777560452189923e-12,1.4330130021841571e-11,1.688878022609496e-13,3.477399848552953e-11,1.0,0.0
3.172993389438143e-13,2.6441611578651194e-13,1.5473239368247736e-12,9.793189473574515e-15,6.204964850456812e-12,1.0,0.0
1.916312258237959e-13,4.391548925128656e-13,9.94086983960941e-13,1.996158602331208e-14,6.299876548957291e-12,1.0,4.69
2.1280323684131704e-13,2.6791774422467974e-13,4.3402674564398123e-13,6.123834153706966e-14,5.095030015884195e-12,1.0,0.0
2.516796326806229e-13,4.957326098254693e-13,1.810059580490944e-12,3.813327767888225e-14,7.644451065359924e-12,1.0,0.0
8.720854973823674e-14,1.34462521622832e-13,4.164496383975712e-13,3.0734290656647315e-14,2.9351247577098185e-12,1.0,7.48
2.4517549790435685e-14,1.7979536512986172e-13,6.652428509804885e-13,1.6345033193623794e-14,1.97074400220264e-12,1.0,0.0
2.8674942219493127e-13,4.922736861715561e-13,2.1906179034634244e-12,1.2306842154288899e-14,7.449331555991068e-12,1.0,6.36
3.7649506054392966e-14,3.303936245589587e-13,4.164496383975712e-13,1.5367145328323654e-14,2.9351247577098185e-12,1.0,0.0
1.222320250997495e-13,8.527815704633682e-14,7.788738343565432e-13,2.274084187902316e-14,4.01603267583549e-12,1.0,11.06
1.2965328574421513e-13,4.3217761914738377e-13,1.036634261817903e-12,4.1441689507283376e-14,4.1483131196790665e-12,1.0,0.0
4.570830348810105e-06,6.901057585458394e-05,3.9434614774047966e-06,5.3774474691883595e-06,1.451910816680857e-05,0.9999999974806878,2.14
1.0979895795305538e-08,1.9126270095048358e-08,1.8205375608990478e-08,2.1251411216720397e-09,4.788651327500996e-08,0.9999999999999984,0.0
1.0875944130715795e-13,1.6962481671758575e-13,4.2306424875444916e-13,9.977930395152105e-15,3.6174986647623946e-12,1.0,6.04
4.3791992897527546e-13,1.0700305956861931e-12,2.025131979243129e-12,7.926152560638466e-14,1.090440438529837e-11,1.0,0.79
5.579767279861001e-09,8.94193474336699e-09,1.1910657078164834e-08,1.7883869486733985e-09,2.771999770443768e-08,0.9999999999999994,0.0
9.283272461506314e-14,2.7695950990129324e-13,4.4980275959895227e-13,5.128879812986912e-15,3.698435233144864e-12,1.0,2.13
2.071908087219269e-13,7.626655535776452e-13,1.810059580490944e-12,8.897764791739192e-14,7.644451065359924e-12,1.0,0.0
1.0530825639083099e-08,1.3908637636524846e-07,3.6162457854964603e-08,1.1921689402735587e-08,1.092821528584095e-07,0.9999999999999836,2.14
8.836108563786104e-14,1.3062073529075109e-13,4.164496383975712e-13,2.3050717992485488e-14,2.9351247577098185e-12,1.0,56.04
7.537899069552515e-14,2.5678557269904176e-13,6.912501948946785e-13,2.485021671281049e-14,3.117045516343529e-12,1.0,0.43
1.4985440813812495e-13,5.59315748684551e-13,1.0225980386326978e-12,1.0553127333670769e-14,6.587262081677296e-12,1.0,3.5
1.273487145225297e-13,1.9329715597169683e-13,7.788738343565432e-13,5.685210469755789e-15,4.01603267583549e-12,1.0,0.0
9.988163271858587e-09,3.046035607729923e-08,1.8205375608990468e-08,2.8335214955627195e-09,4.7886513275009956e-08,0.9999999999999982,0.0
2.953729344305116e-13,5.270139493988381e-13,1.7317923500012985e-12,6.128069179056256e-14,7.424768617344562e-12,1.0,2.0
1.4499641667586222e-13,1.491732681850434e-13,7.953918659626514e-13,2.386772290960694e-14,4.174464736890255e-12,1.0,9.41
6.951550488629898e-14,1.446769391034649e-13,4.0721265298877683e-13,1.4114823327167305e-14,2.7421573018854287e-12,1.0,1.58
8.567945287101071e-14,2.3099852489733285e-13,4.0613740650131073e-13,1.6799892719806027e-14,3.1520798715536053e-12,1.0,3.64
1.2321815075096382e-13,1.753301749816086e-13,7.271331979098381e-13,4.8702826383780154e-15,3.548487930322223e-12,1.0,0.0
2.2706940699113653e-11,1.2544393812797052e-10,1.5275578288494636e-10,1.2703183607895752e-11,3.6362863077601583e-10,1.0,1.94
1.7658866080629945e-09,3.0176543302342314e-09,5.398248301863457e-09,4.4705990077544173e-10,1.093061457395955e-08,1.0,0.0
8.795887582371475e-13,4.015513896300021e-12,4.856859665048597e-12,5.736448423285745e-13,6.68678671207675e-11,1.0,10.73
1.370225168657597e-13,2.4039038046624507e-13,5.288588370257391e-13,4.206831658159289e-14,4.198417994842972e-12,1.0,0.0
6.870237731166165e-14,1.2698543673719452e-13,3.972364944086598e-13,3.256036839415244e-15,2.5712922920862182e-12,1.0,8.12
2.1680940021111987e-13,1.9389458555466004e-13,9.544901643440766e-13,1.762678050496909e-14,5.70314483238275e-12,1.0,8.71
